Country Name,Country Code,Custom_Series_Name,Custom_Series_Code,1960 [YR1960],1961 [YR1961],1962 [YR1962],1963 [YR1963],1964 [YR1964],1965 [YR1965],1966 [YR1966],1967 [YR1967],1968 [YR1968],1969 [YR1969],1970 [YR1970],1971 [YR1971],1972 [YR1972],1973 [YR1973],1974 [YR1974],1975 [YR1975],1976 [YR1976],1977 [YR1977],1978 [YR1978],1979 [YR1979],1980 [YR1980],1981 [YR1981],1982 [YR1982],1983 [YR1983],1984 [YR1984],1985 [YR1985],1986 [YR1986],1987 [YR1987],1988 [YR1988],1989 [YR1989],1990 [YR1990],1991 [YR1991],1992 [YR1992],1993 [YR1993],1994 [YR1994],1995 [YR1995],1996 [YR1996],1997 [YR1997],1998 [YR1998],1999 [YR1999],2000 [YR2000],2001 [YR2001],2002 [YR2002],2003 [YR2003],2004 [YR2004],2005 [YR2005],2006 [YR2006],2007 [YR2007],2008 [YR2008],2009 [YR2009],2010 [YR2010],2011 [YR2011],2012 [YR2012],2013 [YR2013],2014 [YR2014],2015 [YR2015],2016 [YR2016],2017 [YR2017],2018 [YR2018],2019 [YR2019]
Afghanistan,AFG,Net migration rate,(Net migration rate),..,..,-0.00213870782053803,..,..,..,..,-0.00192309060660624,..,..,..,..,-0.00169617804441697,..,..,..,..,-0.0876115853659463,..,..,..,..,-0.259661380126634,..,..,..,..,-0.131444399232231,..,..,..,..,0.212376047130015,..,..,..,..,-0.044817603604998,..,..,..,..,0.0329277719298944,..,..,..,..,-0.0386103433526186,..,..,..,..,0.0167440937139618,..,..,..,..,-0.00866758135793081,..,..
Albania,ALB,Net migration rate,(Net migration rate),..,..,-5.7850114443888E-05,..,..,..,..,-5.03663516141144E-05,..,..,..,..,-4.41348368303876E-05,..,..,..,..,-3.93865877131351E-05,..,..,..,..,-3.55567942568953E-05,..,..,..,..,-3.21052793726823E-05,..,..,..,..,-0.136497282601164,..,..,..,..,-0.0570489101830491,..,..,..,..,-0.0579395020009767,..,..,..,..,-0.0731840928856636,..,..,..,..,-0.0470934881073341,..,..,..,..,-0.0243602044505973,..,..
Algeria,DZA,Net migration rate,(Net migration rate),..,..,-0.0243498440768659,..,..,..,..,-0.00914009509284577,..,..,..,..,-0.0165796261805745,..,..,..,..,-0.0127870231220053,..,..,..,..,-0.00396129605471145,..,..,..,..,-0.0039244925315101,..,..,..,..,-0.00476089418190383,..,..,..,..,-0.00552779195385909,..,..,..,..,-0.0064425458409199,..,..,..,..,-0.0104586382428036,..,..,..,..,-0.0038323462726067,..,..,..,..,-0.00120809299083302,..,..
American Samoa,ASM,Net migration rate,(Net migration rate),..,..,..,..,..,..,..,..,..,..,..,..,..,..,..,..,..,..,..,..,..,..,..,..,..,..,..,..,..,..,..,..,..,..,..,..,..,..,..,..,..,..,..,..,..,..,..,..,..,..,..,..,..,..,..,..,..,..,..,..
Andorra,AND,Net migration rate,(Net migration rate),..,..,..,..,..,..,..,..,..,..,..,..,..,..,..,..,..,..,..,..,..,..,..,..,..,..,..,..,..,..,..,..,..,..,..,..,..,..,..,..,..,..,..,..,..,..,..,..,..,..,..,..,..,..,..,..,..,..,..,..
Angola,AGO,Net migration rate,(Net migration rate),..,..,-0.0529045086429817,..,..,..,..,-0.101707877552088,..,..,..,..,0.0319754080625399,..,..,..,..,0.0265207098471077,..,..,..,..,0.0261531673917536,..,..,..,..,0.0176336974062727,..,..,..,..,0.011282916208633,..,..,..,..,0.0134350307331371,..,..,..,..,0.0149034639680076,..,..,..,..,0.017091355935795,..,..,..,..,0.00662209084452239,..,..,..,..,0.0010754358590682,..,..
Antigua and Barbuda,ATG,Net migration rate,(Net migration rate),..,..,-0.0336670188571122,..,..,..,..,-0.0196273738181937,..,..,..,..,-0.109428843185256,..,..,..,..,-0.0712366672565517,..,..,..,..,-0.0609106654364752,..,..,..,..,-0.046826644198519,..,..,..,..,0.0346047059918413,..,..,..,..,0.0344332254825393,..,..,..,..,0.0032185963343764,..,..,..,..,0.0224573346345179,..,..,..,..,0.0104303775066642,..,..,..,..,0,..,..
Argentina,ARG,Net migration rate,(Net migration rate),..,..,0.00576748924930549,..,..,..,..,0.00569454404420999,..,..,..,..,0.00575990719248129,..,..,..,..,-0.008626704421126,..,..,..,..,0.00486203152068926,..,..,..,..,0.00513076804551248,..,..,..,..,-0.00313158695763822,..,..,..,..,-0.00358971478285773,..,..,..,..,-0.00331725578873741,..,..,..,..,-0.00302386624230064,..,..,..,..,0.000718850913938665,..,..,..,..,0.000544899602361786,..,..
Armenia,ARM,Net migration rate,(Net migration rate),..,..,0.035000791231365,..,..,..,..,0.0442040983666128,..,..,..,..,0.0325993044294518,..,..,..,..,0.0058463861528884,..,..,..,..,-0.0160410108811472,..,..,..,..,-0.0195622933955823,..,..,..,..,-0.144151722266969,..,..,..,..,-0.071454401710261,..,..,..,..,-0.052907766635091,..,..,..,..,-0.0625246793138418,..,..,..,..,-0.0105868847445886,..,..,..,..,-0.00848577955310514,..,..
Aruba,ABW,Net migration rate,(Net migration rate),..,..,-0.0768875055580258,..,..,..,..,-0.0736370682973043,..,..,..,..,-0.0591076203208556,..,..,..,..,-0.0906139217440281,..,..,..,..,-0.0313146955742114,..,..,..,..,-0.0840004528326298,..,..,..,..,0.208368139517843,..,..,..,..,0.0810522989783619,..,..,..,..,0.0659318679467745,..,..,..,..,-0.00435676038805793,..,..,..,..,0.0122172386895476,..,..,..,..,0.00952869046941139,..,..
Australia,AUS,Net migration rate,(Net migration rate),..,..,0.0357794637870043,..,..,..,..,0.0683272311212815,..,..,..,..,0.0196957577597329,..,..,..,..,0.0166110484780158,..,..,..,..,0.0298835156147055,..,..,..,..,0.0402246078738802,..,..,..,..,0.020067333523864,..,..,..,..,0.020976346060377,..,..,..,..,0.029986769390476,..,..,..,..,0.0581344946129175,..,..,..,..,0.043520642365781,..,..,..,..,0.0321613487760682,..,..
Austria,AUT,Net migration rate,(Net migration rate),..,..,0.00224352105453905,..,..,..,..,0.00683218295572264,..,..,..,..,0.0108694081719191,..,..,..,..,0.000726967151707818,..,..,..,..,0.00237677148824817,..,..,..,..,0.0146541342325508,..,..,..,..,0.0290587241536448,..,..,..,..,0.00816787965824975,..,..,..,..,0.0220388452945246,..,..,..,..,0.0185357411807167,..,..,..,..,0.0316930350222201,..,..,..,..,0.0369418086775365,..,..
Azerbaijan,AZE,Net migration rate,(Net migration rate),..,..,0,..,..,..,..,-0.00825786334392267,..,..,..,..,-0.00937113006365706,..,..,..,..,-0.0086073450162814,..,..,..,..,-0.0159960866536589,..,..,..,..,-0.0234377685958446,..,..,..,..,-0.015594147927391,..,..,..,..,-0.0142696392689695,..,..,..,..,0.00446931270994071,..,..,..,..,0.00624369268059618,..,..,..,..,0.000914285443809796,..,..,..,..,0.00060909071443134,..,..
"Bahamas, The",BHS,Net migration rate,(Net migration rate),..,..,0.114566730805758,..,..,..,..,0.0912658891364172,..,..,..,..,0.00533547726940506,..,..,..,..,0.0151242256508085,..,..,..,..,0.00293390982087708,..,..,..,..,-0.00333373069539731,..,..,..,..,-0.0012103943555026,..,..,..,..,-0.010443419010433,..,..,..,..,0.0386043034518624,..,..,..,..,0.0430837994125475,..,..,..,..,0.013749229889104,..,..,..,..,0.0130945801168794,..,..
Bahrain,BHR,Net migration rate,(Net migration rate),..,..,-0.0242283879314328,..,..,..,..,-0.0409715244589749,..,..,..,..,0.0834500665488425,..,..,..,..,0.161497484950936,..,..,..,..,0.0083793237465993,..,..,..,..,0.0287301406995107,..,..,..,..,0.0104762887938121,..,..,..,..,0.0658563766218267,..,..,..,..,0.21152260911438,..,..,..,..,0.262568791575403,..,..,..,..,0.0323091089378534,..,..,..,..,0.159965302923416,..,..
Bangladesh,BGD,Net migration rate,(Net migration rate),..,..,-0.00280535859786216,..,..,..,..,-0.00274115454572819,..,..,..,..,-0.0457073887623403,..,..,..,..,-0.0154817385440928,..,..,..,..,-0.00945795166134655,..,..,..,..,-0.00229288526575139,..,..,..,..,-0.00753626676854871,..,..,..,..,-0.0059911419856518,..,..,..,..,-0.0112662935060822,..,..,..,..,-0.022814870472513,..,..,..,..,-0.0152762896556732,..,..,..,..,-0.0115707154666858,..,..
Barbados,BRB,Net migration rate,(Net migration rate),..,..,-0.0772031483065601,..,..,..,..,-0.0577920129807022,..,..,..,..,-0.028710432064261,..,..,..,..,-0.0222867633176265,..,..,..,..,-0.03091915208476,..,..,..,..,-0.0244594390335595,..,..,..,..,-0.0205145956802568,..,..,..,..,-0.0135838053298631,..,..,..,..,-0.0116595044344884,..,..,..,..,-0.000893433799784715,..,..,..,..,-0.0013993655269651,..,..,..,..,-0.00138698193429828,..,..
Belarus,BLR,Net migration rate,(Net migration rate),..,..,-0.0150129407245848,..,..,..,..,0.00746501567101254,..,..,..,..,0.00404245612782632,..,..,..,..,0.0040471309309944,..,..,..,..,0.0048193535188216,..,..,..,..,-0.00227682721788152,..,..,..,..,-0.00617237666405638,..,..,..,..,0.00554966887417219,..,..,..,..,-0.000646897668532959,..,..,..,..,0.00668688571107922,..,..,..,..,0.00762037488529499,..,..,..,..,0.00459536605847132,..,..
Belgium,BEL,Net migration rate,(Net migration rate),..,..,0.00415418642952752,..,..,..,..,0.00493560634802809,..,..,..,..,0.0073091503910725,..,..,..,..,0.00747917827611161,..,..,..,..,0.00187473944337953,..,..,..,..,0.00431154924999752,..,..,..,..,0.0106466219844427,..,..,..,..,0.00499644198720294,..,..,..,..,0.021248869496462,..,..,..,..,0.0276941754425591,..,..,..,..,0.0232892395487791,..,..,..,..,0.0210986080369169,..,..
Belize,BLZ,Net migration rate,(Net migration rate),..,..,-0.0248295407869876,..,..,..,..,-0.0262396620878146,..,..,..,..,-0.0838773102634683,..,..,..,..,-0.0988546525633445,..,..,..,..,-0.0351947194719472,..,..,..,..,-0.0310004589261129,..,..,..,..,-0.0463710092422964,..,..,..,..,0.0537458254355086,..,..,..,..,0.0220940780095892,..,..,..,..,0.0291681297550372,..,..,..,..,0.0224674556213018,..,..,..,..,0.0159672564793796,..,..
Benin,BEN,Net migration rate,(Net migration rate),..,..,-0.00970675569420383,..,..,..,..,-0.00867983008854216,..,..,..,..,-0.00816311912962652,..,..,..,..,-0.00564827276675077,..,..,..,..,-0.00276191189073339,..,..,..,..,-0.00192337247035067,..,..,..,..,0.0128022359415755,..,..,..,..,-0.000453862439404748,..,..,..,..,0.00342750508060291,..,..,..,..,-0.00576903538620047,..,..,..,..,-0.00434442620847983,..,..,..,..,-0.000894838250827457,..,..
Bermuda,BMU,Net migration rate,(Net migration rate),..,..,..,..,..,..,..,..,..,..,..,..,..,..,..,..,..,..,..,..,..,..,..,..,..,..,..,..,..,..,..,..,..,..,..,..,..,..,..,..,..,..,..,..,..,..,..,..,..,..,..,..,..,..,..,..,..,..,..,..
Bhutan,BTN,Net migration rate,(Net migration rate),..,..,0.0213170527895495,..,..,..,..,0.0370443086976332,..,..,..,..,0.0315660232050198,..,..,..,..,0.0269661953326082,..,..,..,..,0.00185809471853479,..,..,..,..,0.0032267070190487,..,..,..,..,-0.109566411482537,..,..,..,..,0.000259194611652157,..,..,..,..,0.0100175644218188,..,..,..,..,-0.0165008212057587,..,..,..,..,0.00042760443169233,..,..,..,..,0.00214601485042277,..,..
Bolivia,BOL,Net migration rate,(Net migration rate),..,..,-0.00545886263177132,..,..,..,..,-0.00550054221327562,..,..,..,..,-0.00568513088401436,..,..,..,..,-0.00767560553699401,..,..,..,..,-0.0126703867761545,..,..,..,..,-0.0099738763906736,..,..,..,..,-0.00721555330879273,..,..,..,..,-0.00810460981336846,..,..,..,..,-0.00888958635057317,..,..,..,..,-0.00708274646100687,..,..,..,..,-0.0055523028469958,..,..,..,..,-0.00424556596557053,..,..
Bosnia and Herzegovina,BIH,Net migration rate,(Net migration rate),..,..,-0.0149116104909123,..,..,..,..,-0.0266905462425454,..,..,..,..,-0.0213564612987331,..,..,..,..,-0.0182447646469168,..,..,..,..,-0.00703345810322413,..,..,..,..,-0.0300449668814888,..,..,..,..,-0.174957885298733,..,..,..,..,-0.0426338371604386,..,..,..,..,-0.00159600488058292,..,..,..,..,-0.0157452483346116,..,..,..,..,-0.071714565328108,..,..,..,..,-0.0322020380560861,..,..
Botswana,BWA,Net migration rate,(Net migration rate),..,..,-0.0428349415210261,..,..,..,..,-0.0414284051142628,..,..,..,..,0.00598418209182542,..,..,..,..,0.0221653431668309,..,..,..,..,0.00540360898351292,..,..,..,..,0.040540961775244,..,..,..,..,0.0178181428824968,..,..,..,..,0.0236577567878994,..,..,..,..,0.0157968652655514,..,..,..,..,0.0143580851407575,..,..,..,..,-0.0358598534677485,..,..,..,..,0.0068018727257556,..,..
Brazil,BRA,Net migration rate,(Net migration rate),..,..,0,..,..,..,..,0,..,..,..,..,0,..,..,..,..,0,..,..,..,..,0,..,..,..,..,0,..,..,..,..,0,..,..,..,..,0,..,..,..,..,0,..,..,..,..,0,..,..,..,..,7.99047421467347E-05,..,..,..,..,0.000510022836464964,..,..
British Virgin Islands,VGB,Net migration rate,(Net migration rate),..,..,..,..,..,..,..,..,..,..,..,..,..,..,..,..,..,..,..,..,..,..,..,..,..,..,..,..,..,..,..,..,..,..,..,..,..,..,..,..,..,..,..,..,..,..,..,..,..,..,..,..,..,..,..,..,..,..,..,..
Brunei Darussalam,BRN,Net migration rate,(Net migration rate),..,..,0.071769425911646,..,..,..,..,0.0964267928286853,..,..,..,..,0.0766500964639281,..,..,..,..,0.047466144670719,..,..,..,..,0.0175769781379662,..,..,..,..,0.0155074653881286,..,..,..,..,0.0174156236764856,..,..,..,..,0.013424884119016,..,..,..,..,0.00121690283809425,..,..,..,..,-0.00601922846132306,..,..,..,..,-0.00225820761975894,..,..,..,..,0,..,..
Bulgaria,BGR,Net migration rate,(Net migration rate),..,..,-0.000179334791473698,..,..,..,..,-0.000772903167735751,..,..,..,..,-0.00506004990555258,..,..,..,..,-0.0107753325890659,..,..,..,..,-0.00250587134874886,..,..,..,..,-0.020525652802435,..,..,..,..,-0.0417397136635784,..,..,..,..,-0.0160999645334952,..,..,..,..,-0.0109095627868306,..,..,..,..,-0.0110985087745572,..,..,..,..,-0.00334962704054593,..,..,..,..,-0.00339191347815352,..,..
Burkina Faso,BFA,Net migration rate,(Net migration rate),..,..,-0.0291761065704149,..,..,..,..,-0.0270863719556303,..,..,..,..,-0.0292288314870648,..,..,..,..,-0.0339744035530913,..,..,..,..,-0.0303705302479445,..,..,..,..,-0.0225672423330847,..,..,..,..,-0.0161341483103411,..,..,..,..,-0.0128918857037417,..,..,..,..,-0.0101683057975612,..,..,..,..,-0.00877068592587676,..,..,..,..,-0.00754318655338289,..,..,..,..,-0.00651269475301882,..,..
Burundi,BDI,Net migration rate,(Net migration rate),..,..,-0.0292327541403237,..,..,..,..,-0.0177977620927955,..,..,..,..,-0.0746557240929544,..,..,..,..,-0.0389913463546633,..,..,..,..,-0.0317704951270902,..,..,..,..,-0.0358064568746671,..,..,..,..,-0.056283060698453,..,..,..,..,-0.0743701946871432,..,..,..,..,-0.00368743784599096,..,..,..,..,0.00381622784625298,..,..,..,..,-0.00757095942586125,..,..,..,..,0.000923891920808525,..,..
Cabo Verde,CPV,Net migration rate,(Net migration rate),..,..,-0.00555338770926326,..,..,..,..,0.0172385234742069,..,..,..,..,-0.128408677067278,..,..,..,..,-0.102372546508863,..,..,..,..,-0.0690321966736221,..,..,..,..,-0.0864340542139599,..,..,..,..,-0.0179223458709175,..,..,..,..,-0.0134517722549158,..,..,..,..,-0.0222575409018153,..,..,..,..,-0.0238727739653938,..,..,..,..,-0.0158916147931161,..,..,..,..,-0.0124819301317031,..,..
Cambodia,KHM,Net migration rate,(Net migration rate),..,..,0,..,..,..,..,-0.0371551729295419,..,..,..,..,-0.0171183374232465,..,..,..,..,-0.0118119099360454,..,..,..,..,-0.0128405426687848,..,..,..,..,-0.00951710412264722,..,..,..,..,0.0425414299770083,..,..,..,..,0.0308440868780203,..,..,..,..,-0.00278182935902952,..,..,..,..,-0.021636536709678,..,..,..,..,-0.0101484704055775,..,..,..,..,-0.00936942476470407,..,..
Cameroon,CMR,Net migration rate,(Net migration rate),..,..,0,..,..,..,..,-0.000165223166931574,..,..,..,..,-0.000364050560506805,..,..,..,..,0,..,..,..,..,-0.00179997067684134,..,..,..,..,-0.00181715438469102,..,..,..,..,-0.00384015391336885,..,..,..,..,-0.00334624215959776,..,..,..,..,-0.00330121737892877,..,..,..,..,-0.00288303187319871,..,..,..,..,-0.00167556687452694,..,..,..,..,-0.000976958236460122,..,..
Canada,CAN,Net migration rate,(Net migration rate),..,..,0.00959981734178575,..,..,..,..,0.0299391044483637,..,..,..,..,0.0341204519862603,..,..,..,..,0.017728895871055,..,..,..,..,0.014887919078684,..,..,..,..,0.032488749688476,..,..,..,..,0.0243399448117645,..,..,..,..,0.0261999719921937,..,..,..,..,0.0335462484007135,..,..,..,..,0.0403305053889557,..,..,..,..,0.0357610203679633,..,..,..,..,0.0331185036738099,..,..
Cayman Islands,CYM,Net migration rate,(Net migration rate),..,..,..,..,..,..,..,..,..,..,..,..,..,..,..,..,..,..,..,..,..,..,..,..,..,..,..,..,..,..,..,..,..,..,..,..,..,..,..,..,..,..,..,..,..,..,..,..,..,..,..,..,..,..,..,..,..,..,..,..
Central African Republic,CAF,Net migration rate,(Net migration rate),..,..,0.00768730145433691,..,..,..,..,0.00769477527978074,..,..,..,..,-0.0267697193783857,..,..,..,..,-0.000490215542872045,..,..,..,..,0.0171281782940591,..,..,..,..,-0.0302247207991416,..,..,..,..,0.0168962529517754,..,..,..,..,0.00884320293735829,..,..,..,..,-0.00641877390766434,..,..,..,..,-0.0299222726958726,..,..,..,..,-0.0892903391589831,..,..,..,..,-0.0435158358478234,..,..
Chad,TCD,Net migration rate,(Net migration rate),..,..,-0.00160192949203457,..,..,..,..,-0.0119220047600678,..,..,..,..,-0.0128562666764519,..,..,..,..,-0.0412431895861299,..,..,..,..,-0.0278169761869135,..,..,..,..,0.000261969348108306,..,..,..,..,-0.00163196653383145,..,..,..,..,0.00925488968937534,..,..,..,..,0.0242776741658631,..,..,..,..,0.00693287424764449,..,..,..,..,0.00782181896400008,..,..,..,..,0.000665922032649758,..,..
Channel Islands,CHI,Net migration rate,(Net migration rate),..,..,0.0263240532223189,..,..,..,..,0.0330285850486065,..,..,..,..,0.0343812189557817,..,..,..,..,0.0135709961236958,..,..,..,..,0.0413913016718085,..,..,..,..,0.0444933534168848,..,..,..,..,0.00823908848921876,..,..,..,..,0.0157594601473451,..,..,..,..,0.0101139067889516,..,..,..,..,0.038606792726144,..,..,..,..,0.0220294219282223,..,..,..,..,0.0400438739513236,..,..
Chile,CHL,Net migration rate,(Net migration rate),..,..,-0.0173294543982309,..,..,..,..,-0.0211015888476224,..,..,..,..,-0.0159605307930561,..,..,..,..,-0.0135771308748442,..,..,..,..,-0.013157456659881,..,..,..,..,-0.0054299147886992,..,..,..,..,0.000263123004756841,..,..,..,..,0.00130797458714939,..,..,..,..,0.00269885846511654,..,..,..,..,0.00648322660440485,..,..,..,..,0.00940958246407385,..,..,..,..,0.0302396169360133,..,..
China,CHN,Net migration rate,(Net migration rate),..,..,-0.00169086471303904,..,..,..,..,-0.00021204956596647,..,..,..,..,-0.00128241360509495,..,..,..,..,-4.98211361432183E-05,..,..,..,..,-0.00019828876793274,..,..,..,..,-0.00039818917285881,..,..,..,..,-0.000669529687459763,..,..,..,..,-0.000311362315305977,..,..,..,..,-0.00153512808497345,..,..,..,..,-0.00165294012755286,..,..,..,..,-0.00114919282295411,..,..,..,..,-0.00125649327933237,..,..
Colombia,COL,Net migration rate,(Net migration rate),..,..,-0.0179350886723964,..,..,..,..,-0.017070438779867,..,..,..,..,-0.0168953108675112,..,..,..,..,-0.0166643187866103,..,..,..,..,-0.0132009959924658,..,..,..,..,-0.0103861423472739,..,..,..,..,-0.00836515136333956,..,..,..,..,-0.00686569221552442,..,..,..,..,-0.00565132637363928,..,..,..,..,-0.00445841505951092,..,..,..,..,-0.00419690166306515,..,..,..,..,0.0209398502682948,..,..
Comoros,COM,Net migration rate,(Net migration rate),..,..,-0.043058246026836,..,..,..,..,-0.0254751108167321,..,..,..,..,-0.0229899471231216,..,..,..,..,0.0362450163102573,..,..,..,..,-0.0137637408012332,..,..,..,..,-0.0119473044226266,..,..,..,..,-0.00687367109025588,..,..,..,..,-0.011953310369696,..,..,..,..,-0.017559910023021,..,..,..,..,-0.0155855490788941,..,..,..,..,-0.0138146161401686,..,..,..,..,-0.0122866424537899,..,..
"Congo, Dem. Rep.",COD,Net migration rate,(Net migration rate),..,..,0.00764594147940396,..,..,..,..,0.0132185623244394,..,..,..,..,0.00129963203605752,..,..,..,..,0.00415210772510189,..,..,..,..,-0.0162522376375094,..,..,..,..,0.00236340163383796,..,..,..,..,0.0344755173540069,..,..,..,..,-0.0218625519597656,..,..,..,..,-0.00484371225938191,..,..,..,..,-0.000742912982916748,..,..,..,..,0.000218195262360751,..,..,..,..,0.00146566107563992,..,..
"Congo, Rep.",COG,Net migration rate,(Net migration rate),..,..,0,..,..,..,..,0,..,..,..,..,0,..,..,..,..,-0.00454637802761954,..,..,..,..,0.00111307115856489,..,..,..,..,0.000921098262302073,..,..,..,..,0.00904836719743995,..,..,..,..,0.0171946932284255,..,..,..,..,0.0155525622835034,..,..,..,..,0.0236760016913825,..,..,..,..,-0.0133031853590463,..,..,..,..,-0.00391335671694417,..,..
Costa Rica,CRI,Net migration rate,(Net migration rate),..,..,0.00551510986615132,..,..,..,..,0.00461298543317389,..,..,..,..,0.00650046369425703,..,..,..,..,0.00790029084858418,..,..,..,..,0.00748051997460523,..,..,..,..,0.00603740019848512,..,..,..,..,0.0210563148862627,..,..,..,..,0.0240731991753584,..,..,..,..,0.0101908715716576,..,..,..,..,0.00688798236763695,..,..,..,..,0.00419325938566553,..,..,..,..,0.00424246366733913,..,..
Cote d'Ivoire,CIV,Net migration rate,(Net migration rate),..,..,0.053226850989958,..,..,..,..,0.0441678601388506,..,..,..,..,0.0704876831901074,..,..,..,..,0.057400160762918,..,..,..,..,0.048773364119453,..,..,..,..,0.0298306424430142,..,..,..,..,0.0292684731480491,..,..,..,..,0.0118963722871893,..,..,..,..,-0.0174099365123452,..,..,..,..,-0.0104322950052727,..,..,..,..,-0.00371278145435961,..,..,..,..,-0.00163683072089012,..,..
Croatia,HRV,Net migration rate,(Net migration rate),..,..,0.000441774417686989,..,..,..,..,-0.000282343743481605,..,..,..,..,-0.00413498154391219,..,..,..,..,0.00409709597679255,..,..,..,..,0.0117320359740143,..,..,..,..,0.00551611953807642,..,..,..,..,-0.0313777777000746,..,..,..,..,-0.0414845245340601,..,..,..,..,-0.000599696804452819,..,..,..,..,-0.00243584023727808,..,..,..,..,-0.00901991255889199,..,..,..,..,-0.00969904214564032,..,..
Cuba,CUB,Net migration rate,(Net migration rate),..,..,-0.0273753142801944,..,..,..,..,-0.030052211487979,..,..,..,..,-0.0210518268276725,..,..,..,..,-0.0165869422200088,..,..,..,..,-0.0271621116308464,..,..,..,..,-0.00680484391263505,..,..,..,..,-0.0111775031954418,..,..,..,..,-0.0120875559112815,..,..,..,..,-0.0130029944683098,..,..,..,..,-0.0213312059010648,..,..,..,..,-0.00710662540915285,..,..,..,..,-0.00634962125832032,..,..
Curacao,CUW,Net migration rate,(Net migration rate),..,..,-0.0603672496768265,..,..,..,..,-0.0327638627479369,..,..,..,..,-0.0338501117053686,..,..,..,..,-0.0886597662235128,..,..,..,..,-0.0563886982764938,..,..,..,..,-0.096047697020917,..,..,..,..,-0.0800280727111012,..,..,..,..,-0.116204850431422,..,..,..,..,-0.0469796060523974,..,..,..,..,0.106646026545232,..,..,..,..,0.044822734206512,..,..,..,..,0.0160636803496176,..,..
Cyprus,CYP,Net migration rate,(Net migration rate),..,..,-0.0744775321062644,..,..,..,..,-0.0132638151352595,..,..,..,..,0.00486148045057468,..,..,..,..,-0.00182562638518463,..,..,..,..,-0.039950730227757,..,..,..,..,0.0237317798765787,..,..,..,..,0.053952543744715,..,..,..,..,0.0597627890797697,..,..,..,..,0.0588865096359743,..,..,..,..,0.0551445737713086,..,..,..,..,0.0198309143417976,..,..,..,..,0.0211921877119219,..,..
Czech Republic,CZE,Net migration rate,(Net migration rate),..,..,0.00259739045327315,..,..,..,..,-0.0131026411617535,..,..,..,..,0.00101331302180706,..,..,..,..,0.000981568713491195,..,..,..,..,-0.00513299981987093,..,..,..,..,0.000548064725564634,..,..,..,..,0.0029071268944076,..,..,..,..,0.00446442305518049,..,..,..,..,0.00464866043811678,..,..,..,..,0.0243609272822111,..,..,..,..,0.00570813692792689,..,..,..,..,0.010388186707025,..,..
Denmark,DNK,Net migration rate,(Net migration rate),..,..,0.00048539856149038,..,..,..,..,0.0045221094463818,..,..,..,..,0.00465903089913527,..,..,..,..,0.00293313109631892,..,..,..,..,0.00182089604733275,..,..,..,..,0.00640508021807583,..,..,..,..,0.0126593146496963,..,..,..,..,0.0141093901579019,..,..,..,..,0.00861357781563789,..,..,..,..,0.0161109583226982,..,..,..,..,0.0191075067977306,..,..,..,..,0.0131826996797907,..,..
Djibouti,DJI,Net migration rate,(Net migration rate),..,..,0.191074688972867,..,..,..,..,0.190263095808885,..,..,..,..,0.195269606749096,..,..,..,..,0.32864829410514,..,..,..,..,0.0259531602430497,..,..,..,..,0.18354577529419,..,..,..,..,-0.0731643075242174,..,..,..,..,0.0151135711940296,..,..,..,..,-0.012045111936402,..,..,..,..,-0.0151728658850756,..,..,..,..,0.00691366329699494,..,..,..,..,0.00476751859183961,..,..
Dominica,DMA,Net migration rate,(Net migration rate),..,..,..,..,..,..,..,..,..,..,..,..,..,..,..,..,..,..,..,..,..,..,..,..,..,..,..,..,..,..,..,..,..,..,..,..,..,..,..,..,..,..,..,..,..,..,..,..,..,..,..,..,..,..,..,..,..,..,..,..
Dominican Republic,DOM,Net migration rate,(Net migration rate),..,..,-0.0123515415144143,..,..,..,..,-0.0136237561519365,..,..,..,..,-0.0148931995838887,..,..,..,..,-0.016106888580675,..,..,..,..,-0.0194638227882731,..,..,..,..,-0.0199808824248325,..,..,..,..,-0.0194583349418804,..,..,..,..,-0.0185722960261649,..,..,..,..,-0.0174846346264602,..,..,..,..,-0.0164659266263841,..,..,..,..,-0.0154064415641224,..,..,..,..,-0.0142678712935281,..,..
Ecuador,ECU,Net migration rate,(Net migration rate),..,..,-0.00187182860520906,..,..,..,..,-0.000989206498115472,..,..,..,..,-0.000855292556248434,..,..,..,..,-0.000974846838803834,..,..,..,..,-0.00166492318058001,..,..,..,..,-0.00178506168638867,..,..,..,..,-0.00177302830154434,..,..,..,..,-0.00585694524815897,..,..,..,..,-0.00913016468640499,..,..,..,..,-0.00314754104782011,..,..,..,..,-0.00245578063269843,..,..,..,..,0.0108427813974332,..,..
"Egypt, Arab Rep.",EGY,Net migration rate,(Net migration rate),..,..,-0.00178214085699846,..,..,..,..,-0.00747742034301301,..,..,..,..,-0.015488582156788,..,..,..,..,-0.0147607256795997,..,..,..,..,-0.00862837229631306,..,..,..,..,-0.00408111294687421,..,..,..,..,-0.00784777574592682,..,..,..,..,-0.00324998647758816,..,..,..,..,-0.00104167245167636,..,..,..,..,-0.0036247640771005,..,..,..,..,-0.0032508298789756,..,..,..,..,-0.00197178439613294,..,..
El Salvador,SLV,Net migration rate,(Net migration rate),..,..,-0.00819837117459382,..,..,..,..,-0.0130797137495229,..,..,..,..,-0.0235246265555713,..,..,..,..,-0.0378544634983213,..,..,..,..,-0.0489205039963,..,..,..,..,-0.0506528122044299,..,..,..,..,-0.0489542444200614,..,..,..,..,-0.0568807598092959,..,..,..,..,-0.052462070640455,..,..,..,..,-0.0467867490144633,..,..,..,..,-0.0385408733002956,..,..,..,..,-0.0317298260740794,..,..
Equatorial Guinea,GNQ,Net migration rate,(Net migration rate),..,..,0.0114331913400631,..,..,..,..,0.0171390383494979,..,..,..,..,-0.241795365128272,..,..,..,..,-0.123878821916451,..,..,..,..,0.228363138109124,..,..,..,..,0.0522219117919688,..,..,..,..,0.0447205913259671,..,..,..,..,0.065244379823286,..,..,..,..,0.0759480789326594,..,..,..,..,0.0973618908416465,..,..,..,..,0.087276750863807,..,..,..,..,0.063389807139614,..,..
Eritrea,ERI,Net migration rate,(Net migration rate),..,..,0.00659791831292445,..,..,..,..,0.00413037407192585,..,..,..,..,0.00722127503164724,..,..,..,..,0.00628290672396678,..,..,..,..,0.0054441827002384,..,..,..,..,-0.0188020994424237,..,..,..,..,-0.139427957880861,..,..,..,..,-0.0592197720550351,..,..,..,..,0.0916101114927583,..,..,..,..,-0.0267004968403517,..,..,..,..,..,..,..,..,..,..,..,..
Estonia,EST,Net migration rate,(Net migration rate),..,..,0.0348157210360955,..,..,..,..,0.0312400962586793,..,..,..,..,0.0219609369501866,..,..,..,..,0.0210383178723648,..,..,..,..,0.0172849426126558,..,..,..,..,0.00998375875600188,..,..,..,..,-0.0729741417828426,..,..,..,..,-0.000855284076496836,..,..,..,..,-0.0133439663609671,..,..,..,..,-0.0113009815914312,..,..,..,..,-0.00795042851872237,..,..,..,..,0.0148438116752595,..,..
Eswatini,SWZ,Net migration rate,(Net migration rate),..,..,-0.0343018540307749,..,..,..,..,-0.0100466869491865,..,..,..,..,-0.0250000546999271,..,..,..,..,-0.0189756885732537,..,..,..,..,-0.0147822124415102,..,..,..,..,-0.00296273736628945,..,..,..,..,-0.0268191323344018,..,..,..,..,-0.0268282151405505,..,..,..,..,-0.0469197563634687,..,..,..,..,-0.0366555667662844,..,..,..,..,-0.038695880988207,..,..,..,..,-0.0371317080283404,..,..
Ethiopia,ETH,Net migration rate,(Net migration rate),..,..,-0.000861231858266532,..,..,..,..,-0.00160509087245072,..,..,..,..,-0.00197728633914344,..,..,..,..,-0.0629108251356678,..,..,..,..,0.00671832230993559,..,..,..,..,0.0176784351423177,..,..,..,..,0.028351640594486,..,..,..,..,-0.00256315574941106,..,..,..,..,-0.00213853048663747,..,..,..,..,-0.000621411901587355,..,..,..,..,0.00431370717371972,..,..,..,..,0.0014097929150843,..,..
Faroe Islands,FRO,Net migration rate,(Net migration rate),..,..,..,..,..,..,..,..,..,..,..,..,..,..,..,..,..,..,..,..,..,..,..,..,..,..,..,..,..,..,..,..,..,..,..,..,..,..,..,..,..,..,..,..,..,..,..,..,..,..,..,..,..,..,..,..,..,..,..,..
Fiji,FJI,Net migration rate,(Net migration rate),..,..,-0.00819370827552678,..,..,..,..,-0.0292613851768819,..,..,..,..,-0.0278993596687078,..,..,..,..,-0.0371555216815757,..,..,..,..,-0.0189695935835279,..,..,..,..,-0.0928201412335841,..,..,..,..,-0.0454055172209991,..,..,..,..,-0.048808178258588,..,..,..,..,-0.071876721083045,..,..,..,..,-0.0283320776378574,..,..,..,..,-0.0600530131122489,..,..,..,..,-0.0353384032758226,..,..
Finland,FIN,Net migration rate,(Net migration rate),..,..,-0.014468401357871,..,..,..,..,-0.0212640997849642,..,..,..,..,0.00622459806834859,..,..,..,..,-0.00619911532249454,..,..,..,..,0.0054239410408224,..,..,..,..,0.0037038816752948,..,..,..,..,0.00936594108043012,..,..,..,..,0.00431025509573751,..,..,..,..,0.00614063998024843,..,..,..,..,0.0108831626556142,..,..,..,..,0.0150381300527838,..,..,..,..,0.012708293468627,..,..
France,FRA,Net migration rate,(Net migration rate),..,..,0.0295975919111534,..,..,..,..,0.00968203471126419,..,..,..,..,0.0102867914386904,..,..,..,..,0.00474462829366291,..,..,..,..,0.00523287120376121,..,..,..,..,0.00482321388798283,..,..,..,..,0.00207591289063742,..,..,..,..,0.00322907497927411,..,..,..,..,0.0149903567280115,..,..,..,..,0.00696885828553621,..,..,..,..,0.00645495328809135,..,..,..,..,0.00273140816087976,..,..
French Polynesia,PYF,Net migration rate,(Net migration rate),..,..,0.0381328073635766,..,..,..,..,0.0334416720836042,..,..,..,..,0.0422239108409321,..,..,..,..,0.0334117277022825,..,..,..,..,0.0224359959430802,..,..,..,..,-0.00192406637225057,..,..,..,..,-0.0165215083596709,..,..,..,..,0.0153526751474439,..,..,..,..,0.000309271725334576,..,..,..,..,-0.0343291933267611,..,..,..,..,-0.0297994780630339,..,..,..,..,-0.0181091838915187,..,..
Gabon,GAB,Net migration rate,(Net migration rate),..,..,0.0184045360042403,..,..,..,..,0.0292171050375502,..,..,..,..,0.00490269803695905,..,..,..,..,0.0073921819432019,..,..,..,..,0.00654379327948896,..,..,..,..,0.00572055015236872,..,..,..,..,0.00498614074302374,..,..,..,..,0.00838139096393881,..,..,..,..,0.0192654746704028,..,..,..,..,0.0432562008726211,..,..,..,..,0.0573344184829015,..,..,..,..,0.00789462341324172,..,..
"Gambia, The",GMB,Net migration rate,(Net migration rate),..,..,0.0139038784503046,..,..,..,..,0.0314160546985789,..,..,..,..,0.0292490648341071,..,..,..,..,0.0252792770612234,..,..,..,..,0.0219476694887135,..,..,..,..,0.0729185594141197,..,..,..,..,0.00254994038784399,..,..,..,..,-0.00380666474528665,..,..,..,..,0.00108028350855005,..,..,..,..,-0.00941306755260244,..,..,..,..,-0.00810284035105309,..,..,..,..,-0.00697233020189765,..,..
Georgia,GEO,Net migration rate,(Net migration rate),..,..,0.025605403824163,..,..,..,..,0.0212691597184083,..,..,..,..,-0.0174603476565287,..,..,..,..,-0.0218304704832918,..,..,..,..,-0.0105280884036277,..,..,..,..,-0.00920396331822494,..,..,..,..,-0.121443315892069,..,..,..,..,-0.150255189011826,..,..,..,..,-0.0372845144482301,..,..,..,..,-0.0310378487098197,..,..,..,..,-0.025568040110768,..,..,..,..,-0.0134120027768211,..,..
Germany,DEU,Net migration rate,(Net migration rate),..,..,0.00904163338547012,..,..,..,..,0.0113222855546004,..,..,..,..,0.00891783968504044,..,..,..,..,0.00292853818715587,..,..,..,..,2.93616898832102E-07,..,..,..,..,0.0216307647798199,..,..,..,..,0.0326012044115866,..,..,..,..,0.00872732368570883,..,..,..,..,0.00999466652895049,..,..,..,..,0.000523749850060241,..,..,..,..,0.0241039000620485,..,..,..,..,0.0328963298233343,..,..
Ghana,GHA,Net migration rate,(Net migration rate),..,..,0.00424209884344831,..,..,..,..,-0.0319856511955349,..,..,..,..,-0.0154935771538429,..,..,..,..,-0.0442346326066438,..,..,..,..,-0.00105670866125144,..,..,..,..,-0.00295158928694104,..,..,..,..,-0.00102214633353555,..,..,..,..,-0.00709135665700764,..,..,..,..,0.00123488736085723,..,..,..,..,0.00653197843262652,..,..,..,..,-0.00192333960688246,..,..,..,..,-0.00171694623530522,..,..
Gibraltar,GIB,Net migration rate,(Net migration rate),..,..,..,..,..,..,..,..,..,..,..,..,..,..,..,..,..,..,..,..,..,..,..,..,..,..,..,..,..,..,..,..,..,..,..,..,..,..,..,..,..,..,..,..,..,..,..,..,..,..,..,..,..,..,..,..,..,..,..,..
Greece,GRC,Net migration rate,(Net migration rate),..,..,-0.0303839868052882,..,..,..,..,-0.0215481464489996,..,..,..,..,0.0023368060852586,..,..,..,..,0.031945928008217,..,..,..,..,0.0102396309193317,..,..,..,..,0.0178876356856767,..,..,..,..,0.0441557175210339,..,..,..,..,0.0278982998161849,..,..,..,..,0.0104188012095371,..,..,..,..,-0.0335583930919685,..,..,..,..,-0.0146490573888971,..,..,..,..,-0.00743862276131161,..,..
Greenland,GRL,Net migration rate,(Net migration rate),..,..,..,..,..,..,..,..,..,..,..,..,..,..,..,..,..,..,..,..,..,..,..,..,..,..,..,..,..,..,..,..,..,..,..,..,..,..,..,..,..,..,..,..,..,..,..,..,..,..,..,..,..,..,..,..,..,..,..,..
Grenada,GRD,Net migration rate,(Net migration rate),..,..,-0.102179836512262,..,..,..,..,-0.10241001894338,..,..,..,..,-0.125118372471617,..,..,..,..,-0.146364170370288,..,..,..,..,-0.00629282017138807,..,..,..,..,-0.152751518564705,..,..,..,..,-0.0433283589769979,..,..,..,..,-0.039028424586726,..,..,..,..,-0.0338788428508019,..,..,..,..,-0.0335202966061413,..,..,..,..,-0.00930700072594606,..,..,..,..,-0.00901924707325433,..,..
Guam,GUM,Net migration rate,(Net migration rate),..,..,-0.0417361071202804,..,..,..,..,-0.0183919187796541,..,..,..,..,-0.0243300946487492,..,..,..,..,-0.0155010925654257,..,..,..,..,0.00100086312967146,..,..,..,..,0.000812014534239946,..,..,..,..,0.012722032013578,..,..,..,..,-0.0273846829404603,..,..,..,..,-0.060798086221815,..,..,..,..,-0.0615434978312464,..,..,..,..,-0.0474636865921648,..,..,..,..,-0.0154126161881167,..,..
Guatemala,GTM,Net migration rate,(Net migration rate),..,..,-0.00230968299483295,..,..,..,..,-0.00799692439400079,..,..,..,..,-0.0231469240353597,..,..,..,..,-0.0382112761243932,..,..,..,..,-0.0369798423711913,..,..,..,..,-0.0347152738454016,..,..,..,..,-0.0378500627900538,..,..,..,..,-0.0369525647169991,..,..,..,..,-0.0230201899474873,..,..,..,..,-0.0083378301846372,..,..,..,..,-0.00328280589240443,..,..,..,..,-0.0027238057536842,..,..
Guinea,GIN,Net migration rate,(Net migration rate),..,..,0,..,..,..,..,0,..,..,..,..,-0.0204102799325212,..,..,..,..,-0.0338516231906789,..,..,..,..,-0.0164115923280341,..,..,..,..,0,..,..,..,..,-0.0200974145768681,..,..,..,..,-0.0236357644632818,..,..,..,..,-0.0407634502101892,..,..,..,..,-0.0327187118689512,..,..,..,..,-0.027576811891894,..,..,..,..,-0.00165733874984784,..,..
Guinea-Bissau,GNB,Net migration rate,(Net migration rate),..,..,-0.0318040080587327,..,..,..,..,-0.0108033476929698,..,..,..,..,-0.0204758075855639,..,..,..,..,-0.102842030380816,..,..,..,..,-0.0370197617240762,..,..,..,..,-0.0306807748856757,..,..,..,..,-0.0294006958396629,..,..,..,..,-0.0363502309030384,..,..,..,..,-0.022266278609083,..,..,..,..,-0.0123991971905921,..,..,..,..,-0.00436454308747965,..,..,..,..,-0.00382682783541358,..,..
Guyana,GUY,Net migration rate,(Net migration rate),..,..,-0.0241948918412958,..,..,..,..,-0.0629691168876901,..,..,..,..,-0.075299052009286,..,..,..,..,-0.0686507769954776,..,..,..,..,-0.12459583793069,..,..,..,..,-0.135518213791574,..,..,..,..,-0.0773000873628443,..,..,..,..,-0.114314550707812,..,..,..,..,-0.0849220383222631,..,..,..,..,-0.0670860605995654,..,..,..,..,-0.046331806105118,..,..,..,..,-0.0386999320193854,..,..
Haiti,HTI,Net migration rate,(Net migration rate),..,..,-0.0129372385811708,..,..,..,..,-0.0131071250940331,..,..,..,..,-0.0181918462491307,..,..,..,..,-0.0185091694038797,..,..,..,..,-0.0211496106663923,..,..,..,..,-0.0203967701424923,..,..,..,..,-0.019127144462055,..,..,..,..,-0.0180554037082077,..,..,..,..,-0.0159923007944803,..,..,..,..,-0.0145338844534912,..,..,..,..,-0.0146328186808416,..,..,..,..,-0.0159346355785265,..,..
Honduras,HND,Net migration rate,(Net migration rate),..,..,-0.0134539653292028,..,..,..,..,-0.0164896045109123,..,..,..,..,-0.0159601653370288,..,..,..,..,-0.0152107551094972,..,..,..,..,-0.0158536710103717,..,..,..,..,-0.0162911743039848,..,..,..,..,-0.0148720283685671,..,..,..,..,-0.0107511141391591,..,..,..,..,-0.00606110460488955,..,..,..,..,-0.00320163185895198,..,..,..,..,-0.00347194454702755,..,..,..,..,-0.00360589173013124,..,..
"Hong Kong SAR, China",HKG,Net migration rate,(Net migration rate),..,..,-0.00828542902093671,..,..,..,..,0.0192301493499516,..,..,..,..,0.017938209331652,..,..,..,..,0.085190348408491,..,..,..,..,0.0305071706714788,..,..,..,..,0.0396491353821342,..,..,..,..,0.0269780191362814,..,..,..,..,0.0578926848812661,..,..,..,..,0.00960795361871858,..,..,..,..,0.0129761577722193,..,..,..,..,0.0104742591012713,..,..,..,..,0.0198252093564403,..,..
Hungary,HUN,Net migration rate,(Net migration rate),..,..,0.00215817671188684,..,..,..,..,0.00153974843304096,..,..,..,..,-0.00234832195331456,..,..,..,..,0.00122463956012149,..,..,..,..,-0.0108168344692722,..,..,..,..,-0.00862680055981768,..,..,..,..,0.00964188563188345,..,..,..,..,0.0076344304826808,..,..,..,..,0.00606274009194961,..,..,..,..,0.00250104914785327,..,..,..,..,0.00302398239096517,..,..,..,..,0.00306488600389499,..,..
Iceland,ISL,Net migration rate,(Net migration rate),..,..,-0.00401364199629341,..,..,..,..,-0.0138716283188512,..,..,..,..,-0.00507322950984283,..,..,..,..,-0.0177142367639169,..,..,..,..,0.00111177627640469,..,..,..,..,0.00262752227902985,..,..,..,..,-0.00403743243812654,..,..,..,..,0.00376206072408604,..,..,..,..,0.0102252689350069,..,..,..,..,0.0385375811224588,..,..,..,..,-0.00674428466306639,..,..,..,..,0.00553290623179965,..,..
India,IND,Net migration rate,(Net migration rate),..,..,-0.000182040401495541,..,..,..,..,-0.000658811722760276,..,..,..,..,0.00362431111378564,..,..,..,..,0.00170328180870455,..,..,..,..,0.000791691785041961,..,..,..,..,5.50823299543022E-05,..,..,..,..,-0.00060809824434479,..,..,..,..,-0.000681955219843484,..,..,..,..,-0.00172775660988899,..,..,..,..,-0.00224461015809042,..,..,..,..,-0.00185661791151387,..,..,..,..,-0.00198962867189384,..,..
Indonesia,IDN,Net migration rate,(Net migration rate),..,..,0.00486352024960403,..,..,..,..,0.00525252917211394,..,..,..,..,0.00420002711347568,..,..,..,..,0.00275894782835579,..,..,..,..,0.00307558391182176,..,..,..,..,0.00152171109791635,..,..,..,..,-0.000188622778125464,..,..,..,..,-0.000333639923858844,..,..,..,..,-0.00528922834618587,..,..,..,..,-0.00573938389772929,..,..,..,..,-0.00182911083258427,..,..,..,..,-0.00186958130155857,..,..
"Iran, Islamic Rep.",IRN,Net migration rate,(Net migration rate),..,..,-0.000339729226530867,..,..,..,..,0.00196654102665107,..,..,..,..,0.00258128789218607,..,..,..,..,0.0115886124331937,..,..,..,..,0.0479509585510469,..,..,..,..,0.0292462861993669,..,..,..,..,-0.0152844053210281,..,..,..,..,-0.00345839015747388,..,..,..,..,-0.000719984348321425,..,..,..,..,-0.00808702700827312,..,..,..,..,-0.00665006510072788,..,..,..,..,-0.00340875829919375,..,..
Iraq,IRQ,Net migration rate,(Net migration rate),..,..,-0.000242630521408039,..,..,..,..,-0.000768602826026409,..,..,..,..,-0.00081011971318347,..,..,..,..,-0.00383491667114693,..,..,..,..,-0.0138534171702303,..,..,..,..,-0.0398389131620889,..,..,..,..,-0.00836973462747437,..,..,..,..,-0.000832992297328296,..,..,..,..,-0.010681889348349,..,..,..,..,-0.0394864822955964,..,..,..,..,0.0408782235917071,..,..,..,..,0.0010430918551678,..,..
Ireland,IRL,Net migration rate,(Net migration rate),..,..,-0.037318453482837,..,..,..,..,-0.0197343623490499,..,..,..,..,0.0145990088413982,..,..,..,..,0.0157714337944062,..,..,..,..,-0.0174792013311148,..,..,..,..,-0.0355776757266903,..,..,..,..,-0.00432044469049553,..,..,..,..,0.0231015377346346,..,..,..,..,0.0512384831229923,..,..,..,..,0.0448482839737373,..,..,..,..,-0.024310946350423,..,..,..,..,0.0245497138986909,..,..
Isle of Man,IMN,Net migration rate,(Net migration rate),..,..,..,..,..,..,..,..,..,..,..,..,..,..,..,..,..,..,..,..,..,..,..,..,..,..,..,..,..,..,..,..,..,..,..,..,..,..,..,..,..,..,..,..,..,..,..,..,..,..,..,..,..,..,..,..,..,..,..,..
Israel,ISR,Net migration rate,(Net migration rate),..,..,0.0913632795464457,..,..,..,..,0.0263897996357013,..,..,..,..,0.0526934561626429,..,..,..,..,0.0173113755881539,..,..,..,..,0.000645993549987596,..,..,..,..,0.0149732204165713,..,..,..,..,0.0881430802264298,..,..,..,..,0.0420380397532557,..,..,..,..,0.0156674277016743,..,..,..,..,0.0381101934513447,..,..,..,..,0.00246469881802667,..,..,..,..,0.00573858354469604,..,..
Italy,ITA,Net migration rate,(Net migration rate),..,..,-0.00453084693329036,..,..,..,..,-0.00438145197115339,..,..,..,..,0.000356666426694669,..,..,..,..,0.00294747187184453,..,..,..,..,0.00468309841469446,..,..,..,..,-0.000177697117789144,..,..,..,..,0.00269071898000684,..,..,..,..,-0.00524231059694952,..,..,..,..,0.0291688041469071,..,..,..,..,0.0179838876244026,..,..,..,..,0.027500449825786,..,..,..,..,0.0123018415156992,..,..
Jamaica,JAM,Net migration rate,(Net migration rate),..,..,-0.0858561969244277,..,..,..,..,-0.0830363346695732,..,..,..,..,-0.047043563640122,..,..,..,..,-0.0473286874330496,..,..,..,..,-0.0318183466223109,..,..,..,..,-0.0618567117104412,..,..,..,..,-0.0447240180914724,..,..,..,..,-0.0360998577353134,..,..,..,..,-0.0341813212420321,..,..,..,..,-0.0315432946792297,..,..,..,..,-0.0199350346852293,..,..,..,..,-0.0193977581206586,..,..
Japan,JPN,Net migration rate,(Net migration rate),..,..,-0.00157933675598965,..,..,..,..,0.00816781335318938,..,..,..,..,0.00666993506735829,..,..,..,..,0.00180046195866963,..,..,..,..,0.00042213948619237,..,..,..,..,-0.00244357896978483,..,..,..,..,0.000372586111133471,..,..,..,..,-0.000795933585600165,..,..,..,..,0.00128839107065793,..,..,..,..,0.00216857680799369,..,..,..,..,0.00280604721497465,..,..,..,..,0.00282208266593142,..,..
Jordan,JOR,Net migration rate,(Net migration rate),..,..,0.0353383637194778,..,..,..,..,0.185232320859059,..,..,..,..,-0.0157680599383737,..,..,..,..,-0.0370557818959026,..,..,..,..,0.0318532931492229,..,..,..,..,0.0544741739244829,..,..,..,..,0.103696835737084,..,..,..,..,-0.0309678726033254,..,..,..,..,-0.0176605348447186,..,..,..,..,0.103911415636071,..,..,..,..,0.130611261678593,..,..,..,..,0.00522528847787027,..,..
Kazakhstan,KAZ,Net migration rate,(Net migration rate),..,..,0.0645277164632877,..,..,..,..,0.0139954027665754,..,..,..,..,-0.00951434512144807,..,..,..,..,-0.0303115179060399,..,..,..,..,-0.0286399727870417,..,..,..,..,-0.0420398059734834,..,..,..,..,-0.0875593212400074,..,..,..,..,-0.0822705383037613,..,..,..,..,0.00299684742149983,..,..,..,..,-0.00227302787255544,..,..,..,..,0.00951680282304364,..,..,..,..,-0.00498952864255549,..,..
Kenya,KEN,Net migration rate,(Net migration rate),..,..,-0.00231293796203104,..,..,..,..,-0.00191755015323714,..,..,..,..,-0.00147496292627375,..,..,..,..,-0.00020015178746476,..,..,..,..,0.000214531464971945,..,..,..,..,0.000234915989589803,..,..,..,..,0.00874865030424371,..,..,..,..,-0.000727027737165433,..,..,..,..,0.000744969022188753,..,..,..,..,-0.00489149828506907,..,..,..,..,-0.001127563261373,..,..,..,..,-0.000995590073592624,..,..
Kiribati,KIR,Net migration rate,(Net migration rate),..,..,-0.0181603937062452,..,..,..,..,-0.0189396286428321,..,..,..,..,-0.0212201591511936,..,..,..,..,-0.0412585441476992,..,..,..,..,-0.0494522640300885,..,..,..,..,-0.009873899595527,..,..,..,..,-0.0593184067624321,..,..,..,..,-0.0349308491401349,..,..,..,..,-0.0221980413492927,..,..,..,..,-0.00305613973292447,..,..,..,..,-0.0387609288333177,..,..,..,..,-0.035030396468053,..,..
"Korea, Dem. People’s Rep.",PRK,Net migration rate,(Net migration rate),..,..,0,..,..,..,..,0,..,..,..,..,0,..,..,..,..,0,..,..,..,..,0,..,..,..,..,0,..,..,..,..,0,..,..,..,..,-0.00062376688848179,..,..,..,..,-0.000736521117268687,..,..,..,..,-0.00102036804440951,..,..,..,..,-0.00108920699215003,..,..,..,..,-0.00106224993840932,..,..
"Korea, Rep.",KOR,Net migration rate,(Net migration rate),..,..,-0.00260762349682401,..,..,..,..,-0.0027162738102504,..,..,..,..,-0.00626579483919699,..,..,..,..,-0.00453520624292211,..,..,..,..,0.00236208026617877,..,..,..,..,0.00409836794229163,..,..,..,..,0.00163248747450224,..,..,..,..,0.00346932709051177,..,..,..,..,0.00170476335517947,..,..,..,..,-0.00321557727464821,..,..,..,..,0.00799171662913037,..,..,..,..,0.00113971886131638,..,..
Kosovo,XKX,Net migration rate,(Net migration rate),..,..,..,..,..,..,..,..,..,..,..,..,..,..,..,..,..,..,..,..,..,..,..,..,..,..,..,..,..,..,..,..,..,..,..,..,..,..,..,..,..,..,..,..,..,..,..,..,..,..,..,..,..,..,..,..,..,..,..,..
Kuwait,KWT,Net migration rate,(Net migration rate),..,..,0.406108825307991,..,..,..,..,0.25400059601777,..,..,..,..,0.112494659097845,..,..,..,..,0.12231456254123,..,..,..,..,0.0765034208981557,..,..,..,..,0.0617708206006574,..,..,..,..,..,..,..,..,..,0.141499284317669,..,..,..,..,0.0124005789432554,..,..,..,..,0.191492157208072,..,..,..,..,0.17319362778838,..,..,..,..,0.0487167836469394,..,..
Kyrgyz Republic,KGZ,Net migration rate,(Net migration rate),..,..,0.0441874517870918,..,..,..,..,0.0380723551982459,..,..,..,..,-0.00390680655397966,..,..,..,..,-0.0133879494144105,..,..,..,..,-0.0144074694757003,..,..,..,..,-0.0306140520194952,..,..,..,..,-0.0611792975151703,..,..,..,..,-0.00580614939102291,..,..,..,..,-0.0346466427555253,..,..,..,..,-0.0145402778832283,..,..,..,..,-0.016648773006135,..,..,..,..,-0.00322674324803975,..,..
Lao PDR,LAO,Net migration rate,(Net migration rate),..,..,3.42168945917047E-05,..,..,..,..,1.20148022363552E-05,..,..,..,..,1.6192388099158E-05,..,..,..,..,-0.0633820198849304,..,..,..,..,-0.010322854553008,..,..,..,..,3.53345128574099E-05,..,..,..,..,-0.0134582835872135,..,..,..,..,-0.0266807119951924,..,..,..,..,-0.0269603800740036,..,..,..,..,-0.0185465036868279,..,..,..,..,-0.0174276479432945,..,..,..,..,-0.0105735121425392,..,..
Latvia,LVA,Net migration rate,(Net migration rate),..,..,0.0365105936690096,..,..,..,..,0.0307575981435934,..,..,..,..,0.0228194654197524,..,..,..,..,0.0146180816418673,..,..,..,..,0.0121537051377278,..,..,..,..,0.0159560920024229,..,..,..,..,-0.0445520051347607,..,..,..,..,-0.0191548927575096,..,..,..,..,-0.0313786023817264,..,..,..,..,-0.0393550952700169,..,..,..,..,-0.0409596528371411,..,..,..,..,-0.0381959461407606,..,..
Lebanon,LBN,Net migration rate,(Net migration rate),..,..,0.0103880076684273,..,..,..,..,-0.0321887050302151,..,..,..,..,-0.00413592981492541,..,..,..,..,-0.109619331678031,..,..,..,..,-0.0822588511203739,..,..,..,..,-0.047990974377427,..,..,..,..,0.126782920888961,..,..,..,..,-0.00804390087097614,..,..,..,..,0.131535876409693,..,..,..,..,-0.00563877916089126,..,..,..,..,0.215279435326472,..,..,..,..,-0.0220291834565912,..,..
Lesotho,LSO,Net migration rate,(Net migration rate),..,..,-0.0287630474402165,..,..,..,..,-0.0232771780981073,..,..,..,..,-0.0223267214126888,..,..,..,..,-0.00532178137230004,..,..,..,..,-0.0182002265136887,..,..,..,..,-0.025178621317795,..,..,..,..,-0.00439828646933571,..,..,..,..,-0.0189081138429832,..,..,..,..,-0.0794244244219587,..,..,..,..,-0.0465423403636378,..,..,..,..,-0.0236745591789537,..,..,..,..,-0.0240191793869405,..,..
Liberia,LBR,Net migration rate,(Net migration rate),..,..,0.00685382394689744,..,..,..,..,0.00613644299654269,..,..,..,..,0.00745710435673659,..,..,..,..,0.00706147245499781,..,..,..,..,0,..,..,..,..,-0.167048403485601,..,..,..,..,-0.144882355527312,..,..,..,..,0.199016250523385,..,..,..,..,-0.0165304065256755,..,..,..,..,0.0507190970536215,..,..,..,..,0.00604498581725428,..,..,..,..,-0.00531662862796104,..,..
Libya,LBY,Net migration rate,(Net migration rate),..,..,0.0295915755155522,..,..,..,..,0.0255482397197901,..,..,..,..,0.0252052640398025,..,..,..,..,0.0200772114542072,..,..,..,..,0.0325762098852621,..,..,..,..,0.0013358558054371,..,..,..,..,0.000852525917110399,..,..,..,..,-0.0112090507105598,..,..,..,..,-0.00371879750985746,..,..,..,..,-0.0198425483619751,..,..,..,..,-0.0477273197311379,..,..,..,..,-0.00151913376096612,..,..
Liechtenstein,LIE,Net migration rate,(Net migration rate),..,..,..,..,..,..,..,..,..,..,..,..,..,..,..,..,..,..,..,..,..,..,..,..,..,..,..,..,..,..,..,..,..,..,..,..,..,..,..,..,..,..,..,..,..,..,..,..,..,..,..,..,..,..,..,..,..,..,..,..
Lithuania,LTU,Net migration rate,(Net migration rate),..,..,0.00863149807044196,..,..,..,..,0.00864341085271318,..,..,..,..,0.0117568276542792,..,..,..,..,0.0115691754127228,..,..,..,..,0.0126704460486425,..,..,..,..,0.0101933791564849,..,..,..,..,-0.0271075431729941,..,..,..,..,-0.0262717204963055,..,..,..,..,-0.0287836397026256,..,..,..,..,-0.0467088417209947,..,..,..,..,-0.0489384568372497,..,..,..,..,-0.0579486020910033,..,..
Luxembourg,LUX,Net migration rate,(Net migration rate),..,..,0.0265845674201091,..,..,..,..,0.0176659353124674,..,..,..,..,0.0440969417195615,..,..,..,..,0.03278189496289,..,..,..,..,0.00698173859517133,..,..,..,..,0.034608226567768,..,..,..,..,0.0510996366418053,..,..,..,..,0.0475384431994278,..,..,..,..,0.0324379447526195,..,..,..,..,0.088082534536962,..,..,..,..,0.0917306091391592,..,..,..,..,0.0816720774865177,..,..
"Macao SAR, China",MAC,Net migration rate,(Net migration rate),..,..,0.108194320677931,..,..,..,..,0.150399699218505,..,..,..,..,-0.0441055284663963,..,..,..,..,-0.0423951529081706,..,..,..,..,0.100120243034265,..,..,..,..,0.108592381075995,..,..,..,..,0.0602935047514428,..,..,..,..,0.0694253423428811,..,..,..,..,0.103123516947736,..,..,..,..,0.0840041148755924,..,..,..,..,0.0750834605408491,..,..,..,..,0.0401551595364488,..,..
Madagascar,MDG,Net migration rate,(Net migration rate),..,..,0,..,..,..,..,-0.00131719202321683,..,..,..,..,-0.00273514313435887,..,..,..,..,-0.00375086082255878,..,..,..,..,-0.00108293917054873,..,..,..,..,-0.000939165198594934,..,..,..,..,-0.000772273840825094,..,..,..,..,-0.000592423089892049,..,..,..,..,-0.000447357450592203,..,..,..,..,-0.000385930914249753,..,..,..,..,-0.00033562091054311,..,..,..,..,-0.000293306281369107,..,..
Malawi,MWI,Net migration rate,(Net migration rate),..,..,0,..,..,..,..,0,..,..,..,..,-0.0030254818496298,..,..,..,..,0.00244825377193552,..,..,..,..,0,..,..,..,..,0.107733726922475,..,..,..,..,-0.0889836261158275,..,..,..,..,-0.00576361829324107,..,..,..,..,-0.00505076806027559,..,..,..,..,-0.00443440715597274,..,..,..,..,-0.00521323551142001,..,..,..,..,-0.00454226479972564,..,..
Malaysia,MYS,Net migration rate,(Net migration rate),..,..,-0.00674168135584173,..,..,..,..,-0.0138636765185279,..,..,..,..,-0.0119480475442273,..,..,..,..,-0.000425556468051757,..,..,..,..,-0.00534060349199525,..,..,..,..,0.0257508170923617,..,..,..,..,0.0153849019842279,..,..,..,..,0.023962062799564,..,..,..,..,0.0277372007086303,..,..,..,..,0.0285130033753275,..,..,..,..,0.00860044146586648,..,..,..,..,0.00803725365558263,..,..
Maldives,MDV,Net migration rate,(Net migration rate),..,..,-0.00612191138506928,..,..,..,..,-0.0270194830569977,..,..,..,..,0.0195778004766769,..,..,..,..,0,..,..,..,..,0,..,..,..,..,-0.0128307425576768,..,..,..,..,-0.0130023490572027,..,..,..,..,-0.0041691618468629,..,..,..,..,0.0591190607302863,..,..,..,..,0.0536863492745451,..,..,..,..,0.146909779300518,..,..,..,..,0.114526130031708,..,..
Mali,MLI,Net migration rate,(Net migration rate),..,..,-0.0130530006496489,..,..,..,..,-0.0172154879281287,..,..,..,..,-0.0155487032200952,..,..,..,..,-0.0260713705220606,..,..,..,..,-0.0295133033450684,..,..,..,..,-0.0612712207396003,..,..,..,..,-0.0196025370341955,..,..,..,..,-0.0140622969164588,..,..,..,..,-0.00577693490519448,..,..,..,..,-0.00738550825025067,..,..,..,..,-0.0189273143044097,..,..,..,..,-0.0108035730008771,..,..
Malta,MLT,Net migration rate,(Net migration rate),..,..,-0.0361531336832356,..,..,..,..,-0.0404461563151982,..,..,..,..,-0.0320119027938502,..,..,..,..,-0.0157767860051471,..,..,..,..,0.00783373939085235,..,..,..,..,0.00336444257369697,..,..,..,..,0.00443395045944431,..,..,..,..,0.0166618337421726,..,..,..,..,0.0141703012104483,..,..,..,..,0.0141053884206489,..,..,..,..,0.0369142057196187,..,..,..,..,0.00961754191782461,..,..
Marshall Islands,MHL,Net migration rate,(Net migration rate),..,..,..,..,..,..,..,..,..,..,..,..,..,..,..,..,..,..,..,..,..,..,..,..,..,..,..,..,..,..,..,..,..,..,..,..,..,..,..,..,..,..,..,..,..,..,..,..,..,..,..,..,..,..,..,..,..,..,..,..
Mauritania,MRT,Net migration rate,(Net migration rate),..,..,-0.00201844100939795,..,..,..,..,-0.00263523732412655,..,..,..,..,-0.00488728042147249,..,..,..,..,-0.00687387502303102,..,..,..,..,-0.00985522008359185,..,..,..,..,-0.0212782143280828,..,..,..,..,-0.0208256617405123,..,..,..,..,-0.0180817180405849,..,..,..,..,-0.00360102357763348,..,..,..,..,0.00312285617843715,..,..,..,..,0.00674534891438247,..,..,..,..,0.00583807775417307,..,..
Mauritius,MUS,Net migration rate,(Net migration rate),..,..,-0.0440765960970887,..,..,..,..,-0.0371927130040553,..,..,..,..,-0.0240161116738043,..,..,..,..,-0.0223762425668482,..,..,..,..,-0.0217950048412074,..,..,..,..,-0.0347240855453526,..,..,..,..,-0.00517409430296346,..,..,..,..,-0.00771411950353745,..,..,..,..,-0.0160814065170705,..,..,..,..,-0.00974403652702823,..,..,..,..,-0.00961794181300473,..,..,..,..,0,..,..
Mexico,MEX,Net migration rate,(Net migration rate),..,..,-0.0101774288692671,..,..,..,..,-0.0131204163675227,..,..,..,..,-0.0168290539267887,..,..,..,..,-0.0199430401538873,..,..,..,..,-0.0179175642702154,..,..,..,..,-0.0231759485195476,..,..,..,..,-0.0231815079064245,..,..,..,..,-0.0242727584684073,..,..,..,..,-0.0216956212847554,..,..,..,..,-0.00515161137575423,..,..,..,..,-0.00360247319624686,..,..,..,..,-0.00240428300898647,..,..
"Micronesia, Fed. Sts.",FSM,Net migration rate,(Net migration rate),..,..,0.00958473198640404,..,..,..,..,0.00761894613458362,..,..,..,..,-0.120971756129675,..,..,..,..,0.00181592566810932,..,..,..,..,0.0057042506281085,..,..,..,..,-0.0211382655953056,..,..,..,..,-0.0163923108029471,..,..,..,..,-0.117883480825959,..,..,..,..,-0.114771559375876,..,..,..,..,-0.117555819386465,..,..,..,..,-0.0286969169234302,..,..,..,..,-0.0269067549502508,..,..
Moldova,MDA,Net migration rate,(Net migration rate),..,..,0.0378716216216216,..,..,..,..,0.0255137080191912,..,..,..,..,0.0178294474608751,..,..,..,..,-0.00797524154589372,..,..,..,..,-0.00265155889145497,..,..,..,..,-0.0232675474814203,..,..,..,..,-0.0356052347544522,..,..,..,..,-0.0452379831689931,..,..,..,..,-0.00333392031381191,..,..,..,..,-0.0133945220875001,..,..,..,..,-0.00197217657779043,..,..,..,..,-0.00195396365824823,..,..
Monaco,MCO,Net migration rate,(Net migration rate),..,..,..,..,..,..,..,..,..,..,..,..,..,..,..,..,..,..,..,..,..,..,..,..,..,..,..,..,..,..,..,..,..,..,..,..,..,..,..,..,..,..,..,..,..,..,..,..,..,..,..,..,..,..,..,..,..,..,..,..
Mongolia,MNG,Net migration rate,(Net migration rate),..,..,0,..,..,..,..,0,..,..,..,..,0,..,..,..,..,0,..,..,..,..,0,..,..,..,..,0,..,..,..,..,-0.0394170702408519,..,..,..,..,-0.0224610336622235,..,..,..,..,-0.00613972007198547,..,..,..,..,-0.00424007834005444,..,..,..,..,-0.00150883333056018,..,..,..,..,-0.00136875481529036,..,..
Montenegro,MNE,Net migration rate,(Net migration rate),..,..,-0.00398162998101712,..,..,..,..,-0.102856563554427,..,..,..,..,-0.00383491284724551,..,..,..,..,-0.013273526837597,..,..,..,..,-0.00340885279582147,..,..,..,..,-0.0492728695835197,..,..,..,..,-0.0332760354698973,..,..,..,..,-0.0354180338627116,..,..,..,..,-0.0131168132653797,..,..,..,..,-0.00110899127257966,..,..,..,..,-0.00501449401467287,..,..,..,..,-0.00385620841521081,..,..
Morocco,MAR,Net migration rate,(Net migration rate),..,..,-0.018312489576085,..,..,..,..,-0.03174622280775,..,..,..,..,-0.030481542941138,..,..,..,..,-0.0166400350417154,..,..,..,..,-0.015281112393728,..,..,..,..,-0.0183468834642115,..,..,..,..,-0.0181486380013602,..,..,..,..,-0.0191889472908805,..,..,..,..,-0.0222314091898466,..,..,..,..,-0.0181345761136693,..,..,..,..,-0.0110435330738335,..,..,..,..,-0.00722559443734677,..,..
Mozambique,MOZ,Net migration rate,(Net migration rate),..,..,-0.00313028527022287,..,..,..,..,-0.00279173579677684,..,..,..,..,-0.00248776232659767,..,..,..,..,0.00813640000920051,..,..,..,..,-0.030876409700419,..,..,..,..,-0.104491125652835,..,..,..,..,0.0465281727851534,..,..,..,..,-0.00304930426159176,..,..,..,..,0.0015990061902601,..,..,..,..,-0.0018455874495624,..,..,..,..,-0.00100552443166955,..,..,..,..,-0.000872630594142408,..,..
Myanmar,MMR,Net migration rate,(Net migration rate),..,..,0,..,..,..,..,0,..,..,..,..,0,..,..,..,..,0,..,..,..,..,-0.00152951206057871,..,..,..,..,-0.00507558368895199,..,..,..,..,-0.0168319729942801,..,..,..,..,-0.0119482802774046,..,..,..,..,-0.0253257236447373,..,..,..,..,-0.026942528411338,..,..,..,..,-0.0102737406673218,..,..,..,..,-0.0152964503533465,..,..
Namibia,NAM,Net migration rate,(Net migration rate),..,..,0,..,..,..,..,-0.00143030007111696,..,..,..,..,-0.00310256652220245,..,..,..,..,-0.0446122486796998,..,..,..,..,-0.0263043116303986,..,..,..,..,0.0296130625110254,..,..,..,..,-0.011391218478033,..,..,..,..,-0.0124697296635164,..,..,..,..,-0.000508230251528066,..,..,..,..,0.00434235694343523,..,..,..,..,-0.016873642235409,..,..,..,..,-0.0100016523745288,..,..
Nauru,NRU,Net migration rate,(Net migration rate),..,..,..,..,..,..,..,..,..,..,..,..,..,..,..,..,..,..,..,..,..,..,..,..,..,..,..,..,..,..,..,..,..,..,..,..,..,..,..,..,..,..,..,..,..,..,..,..,..,..,..,..,..,..,..,..,..,..,..,..
Nepal,NPL,Net migration rate,(Net migration rate),..,..,-0.00670938628764385,..,..,..,..,-0.00185145050495183,..,..,..,..,-0.000460854762801654,..,..,..,..,-0.00292275687213548,..,..,..,..,-0.00643042968305719,..,..,..,..,-0.0122793219332634,..,..,..,..,0.00381496535314911,..,..,..,..,-0.0205759410930594,..,..,..,..,-0.0312438992952535,..,..,..,..,-0.0368265712895944,..,..,..,..,-0.0755927911005992,..,..,..,..,0.00754870467153946,..,..
Netherlands,NLD,Net migration rate,(Net migration rate),..,..,0.000981645374530872,..,..,..,..,0.00433680967623869,..,..,..,..,0.0140108562096539,..,..,..,..,0.0105226655100231,..,..,..,..,0.00499731357278052,..,..,..,..,0.00952933156595514,..,..,..,..,0.0122765385994858,..,..,..,..,0.0114378965642046,..,..,..,..,0.00904208570116322,..,..,..,..,0.00401136732118579,..,..,..,..,0.00374139911508006,..,..,..,..,0.00466981599057071,..,..
New Caledonia,NCL,Net migration rate,(Net migration rate),..,..,0.0401318944844125,..,..,..,..,0.0145699481865285,..,..,..,..,0.0652589641434263,..,..,..,..,0.000220588235294118,..,..,..,..,-0.0225943719972546,..,..,..,..,-0.0030404984423676,..,..,..,..,0.0351948564786234,..,..,..,..,0.0351259569651173,..,..,..,..,0.0180595060725089,..,..,..,..,0.0071264367816092,..,..,..,..,0.0115945945945946,..,..,..,..,0.00895309434635277,..,..
New Zealand,NZL,Net migration rate,(Net migration rate),..,..,0.0219141821112006,..,..,..,..,-0.000963253918725451,..,..,..,..,0.0264051792417094,..,..,..,..,-0.0239708993013268,..,..,..,..,-0.000921390323500523,..,..,..,..,-0.00287625213779624,..,..,..,..,0.0334162018291474,..,..,..,..,0.0112617353820115,..,..,..,..,0.0340962390781309,..,..,..,..,0.0147765045693451,..,..,..,..,0.0206199950091876,..,..,..,..,0.0155203487765702,..,..
Nicaragua,NIC,Net migration rate,(Net migration rate),..,..,-0.00742810972621429,..,..,..,..,-0.00865153474858667,..,..,..,..,-0.0148434810034318,..,..,..,..,-0.0194373518040093,..,..,..,..,-0.0318425711617213,..,..,..,..,-0.038374072907925,..,..,..,..,-0.0275036476013813,..,..,..,..,-0.0300393917468522,..,..,..,..,-0.0333395410290367,..,..,..,..,-0.0277296019448825,..,..,..,..,-0.0225690619647955,..,..,..,..,-0.0166581699975959,..,..
Niger,NER,Net migration rate,(Net migration rate),..,..,-0.00321746555681523,..,..,..,..,-0.00278555766164679,..,..,..,..,-0.00288639781621135,..,..,..,..,-0.00330313141884774,..,..,..,..,-0.0146521105070479,..,..,..,..,-0.0106314102865857,..,..,..,..,-0.000312719963300054,..,..,..,..,-0.000976989941542715,..,..,..,..,-0.000779082300606982,..,..,..,..,-0.00136196503751788,..,..,..,..,0.00106270283921089,..,..,..,..,0.000925866261972241,..,..
Nigeria,NGA,Net migration rate,(Net migration rate),..,..,2.17096292645973E-05,..,..,..,..,-0.000828145791945865,..,..,..,..,-0.000656702793559069,..,..,..,..,0.0122124226122332,..,..,..,..,-0.00874447189634552,..,..,..,..,-0.00103814926834481,..,..,..,..,-0.000956143819828955,..,..,..,..,-0.000837554709724631,..,..,..,..,-0.00132196879786596,..,..,..,..,-0.00205002082240316,..,..,..,..,-0.0017939497215811,..,..,..,..,-0.00157172314153444,..,..
North Macedonia,MKD,Net migration rate,(Net migration rate),..,..,-0.0268087912404534,..,..,..,..,-0.0176182396593681,..,..,..,..,-0.0347598458308926,..,..,..,..,-0.00796782831974389,..,..,..,..,-0.0372086743182305,..,..,..,..,-0.0496006071454027,..,..,..,..,-0.0503389469989576,..,..,..,..,-0.0025000025005026,..,..,..,..,-0.00711201174467819,..,..,..,..,-0.00358231183300685,..,..,..,..,-0.00426799107930567,..,..,..,..,-0.0024010612892628,..,..
Northern Mariana Islands,MNP,Net migration rate,(Net migration rate),..,..,..,..,..,..,..,..,..,..,..,..,..,..,..,..,..,..,..,..,..,..,..,..,..,..,..,..,..,..,..,..,..,..,..,..,..,..,..,..,..,..,..,..,..,..,..,..,..,..,..,..,..,..,..,..,..,..,..,..
Norway,NOR,Net migration rate,(Net migration rate),..,..,-0.000624911031246101,..,..,..,..,0.00110396537068319,..,..,..,..,0.0040350836154756,..,..,..,..,0.00512662603058712,..,..,..,..,0.00602825857085677,..,..,..,..,0.00924668699194274,..,..,..,..,0.0109422800153322,..,..,..,..,0.0133418627304316,..,..,..,..,0.0148518374962182,..,..,..,..,0.0347053918188685,..,..,..,..,0.0441986198068654,..,..,..,..,0.0265303863885474,..,..
Oman,OMN,Net migration rate,(Net migration rate),..,..,-0.0172764385658483,..,..,..,..,-0.00757444926179418,..,..,..,..,0.0328061001056184,..,..,..,..,0.0781434725159643,..,..,..,..,0.0631728587695167,..,..,..,..,0.00689502754245266,..,..,..,..,0.0527914686566412,..,..,..,..,-0.0859522029441337,..,..,..,..,0.00642437355933423,..,..,..,..,0.100483298320988,..,..,..,..,0.253223172249287,..,..,..,..,0.0936575413073693,..,..
Pakistan,PAK,Net migration rate,(Net migration rate),..,..,-0.00197606392253646,..,..,..,..,-0.00391342675065313,..,..,..,..,-0.0022499434565388,..,..,..,..,0.00947322922044395,..,..,..,..,0.0166258098474793,..,..,..,..,0.00142228138757239,..,..,..,..,-0.00898408290687953,..,..,..,..,0.00359314993744994,..,..,..,..,-0.00434759815633198,..,..,..,..,-0.0020249617859638,..,..,..,..,-0.00576227307052126,..,..,..,..,-0.00561286003375734,..,..
Palau,PLW,Net migration rate,(Net migration rate),..,..,..,..,..,..,..,..,..,..,..,..,..,..,..,..,..,..,..,..,..,..,..,..,..,..,..,..,..,..,..,..,..,..,..,..,..,..,..,..,..,..,..,..,..,..,..,..,..,..,..,..,..,..,..,..,..,..,..,..
Panama,PAN,Net migration rate,(Net migration rate),..,..,-0.00991975543245493,..,..,..,..,-0.00910587771061647,..,..,..,..,-0.00764276064873902,..,..,..,..,-0.00765970181739036,..,..,..,..,-0.00612607938152831,..,..,..,..,-0.00405260142934541,..,..,..,..,0.000758553918276491,..,..,..,..,0.00343283064340083,..,..,..,..,0.0051184622829758,..,..,..,..,0.00644067551231659,..,..,..,..,0.00745367345033607,..,..,..,..,0.0136360172018357,..,..
Papua New Guinea,PNG,Net migration rate,(Net migration rate),..,..,0.00250389684970466,..,..,..,..,0.00364907848830493,..,..,..,..,-0.00219968959669159,..,..,..,..,-0.00261791122416569,..,..,..,..,0.00284040023532015,..,..,..,..,0.00110027505711623,..,..,..,..,-0.00436622260746364,..,..,..,..,-0.00478845585747252,..,..,..,..,-0.0138419816545412,..,..,..,..,0.00566614095234291,..,..,..,..,-0.000524046514468218,..,..,..,..,-0.000473925842160533,..,..
Paraguay,PRY,Net migration rate,(Net migration rate),..,..,-0.0353471173635924,..,..,..,..,-0.0288851308583297,..,..,..,..,-0.022759528314455,..,..,..,..,-0.015859866362913,..,..,..,..,-0.00632574530845504,..,..,..,..,-0.00445559742777898,..,..,..,..,-0.00701459792270714,..,..,..,..,-0.00882135211380325,..,..,..,..,-0.00852319665247158,..,..,..,..,-0.0196551529259254,..,..,..,..,-0.0135684555288536,..,..,..,..,-0.0120546457859271,..,..
Peru,PER,Net migration rate,(Net migration rate),..,..,-0.00272571679374585,..,..,..,..,-0.00394772565389555,..,..,..,..,-0.00580791917514048,..,..,..,..,-0.00578780551817128,..,..,..,..,-0.00952437031294476,..,..,..,..,-0.0135612663554986,..,..,..,..,-0.0154396660434197,..,..,..,..,-0.0101463831951778,..,..,..,..,-0.0335700924040794,..,..,..,..,-0.0424507038634595,..,..,..,..,-0.0211750936767499,..,..,..,..,0.0157530950683998,..,..
Philippines,PHL,Net migration rate,(Net migration rate),..,..,-0.00776651234648697,..,..,..,..,-0.0143319052711726,..,..,..,..,-0.00989072814048615,..,..,..,..,-0.0109229296970585,..,..,..,..,-0.00584612495515363,..,..,..,..,-0.00549519595578613,..,..,..,..,-0.0107486273940206,..,..,..,..,-0.012999240157082,..,..,..,..,-0.015293456084168,..,..,..,..,-0.0173152357704419,..,..,..,..,-0.00858549893481957,..,..,..,..,-0.00319242730738108,..,..
Poland,POL,Net migration rate,(Net migration rate),..,..,-0.00206357952389594,..,..,..,..,-0.00447410843508902,..,..,..,..,-0.0051701600180302,..,..,..,..,-0.00307287169870608,..,..,..,..,-0.00328985419762989,..,..,..,..,-0.0080963320501502,..,..,..,..,-0.00417058671685374,..,..,..,..,-0.00220439196619065,..,..,..,..,-0.00479909110988323,..,..,..,..,-0.00468135830113723,..,..,..,..,-0.00842825362599914,..,..,..,..,-0.00387035348101397,..,..
Portugal,PRT,Net migration rate,(Net migration rate),..,..,-0.0606326339214486,..,..,..,..,-0.0785580515903959,..,..,..,..,0.0125355283572197,..,..,..,..,0.0210063268883501,..,..,..,..,-0.00674894526921576,..,..,..,..,-0.0147430252209589,..,..,..,..,0.0149833800452429,..,..,..,..,0.0171732510619027,..,..,..,..,0.0171170169077964,..,..,..,..,0.0087388138667646,..,..,..,..,-0.0133145104197456,..,..,..,..,-0.00291263361261322,..,..
Puerto Rico,PRI,Net migration rate,(Net migration rate),..,..,-0.0373775365033657,..,..,..,..,-0.0507451031381795,..,..,..,..,-0.0145641716620712,..,..,..,..,-0.0063389333341967,..,..,..,..,-0.0147736672348925,..,..,..,..,-0.0160355622702907,..,..,..,..,-8.25621949940533E-05,..,..,..,..,-0.00809963212508279,..,..,..,..,-0.038105489942859,..,..,..,..,-0.0364903998022731,..,..,..,..,-0.0667772186894,..,..,..,..,-0.147347925609646,..,..
Qatar,QAT,Net migration rate,(Net migration rate),..,..,0.291368952401266,..,..,..,..,0.244038376862645,..,..,..,..,0.26335632183908,..,..,..,..,0.155700479382178,..,..,..,..,0.368280752887536,..,..,..,..,0.136248424723083,..,..,..,..,-0.0204523662935637,..,..,..,..,0.0551183308706365,..,..,..,..,0.333791045894006,..,..,..,..,0.75063729344388,..,..,..,..,0.275424234338187,..,..,..,..,0.0734019298835405,..,..
Romania,ROU,Net migration rate,(Net migration rate),..,..,-0.000107139701925677,..,..,..,..,-0.000102435507863576,..,..,..,..,-9.68634023199874E-05,..,..,..,..,-0.00459636692171243,..,..,..,..,-0.00888281343928812,..,..,..,..,-0.00871481339623686,..,..,..,..,-0.0228127806076295,..,..,..,..,-0.0257505793434755,..,..,..,..,-0.0215459417033095,..,..,..,..,-0.0370948459372325,..,..,..,..,-0.0149566495421909,..,..,..,..,-0.0188894534782428,..,..
Russian Federation,RUS,Net migration rate,(Net migration rate),..,..,-0.0113209289425814,..,..,..,..,-0.00428813691534837,..,..,..,..,-0.0022504984496888,..,..,..,..,0.00451428361498898,..,..,..,..,0.00781519354082785,..,..,..,..,0.00610146804835924,..,..,..,..,0.0167471769935907,..,..,..,..,0.016054166726639,..,..,..,..,0.0122369374774674,..,..,..,..,0.0162926407776171,..,..,..,..,0.0125738751828575,..,..,..,..,0.00631349191684186,..,..
Rwanda,RWA,Net migration rate,(Net migration rate),..,..,-0.0458578234198162,..,..,..,..,0.00584642323134735,..,..,..,..,-0.00501602117162216,..,..,..,..,-0.00429610195337312,..,..,..,..,-0.00908327614125891,..,..,..,..,0.00442464236267259,..,..,..,..,-0.205046250181283,..,..,..,..,0.193922928094997,..,..,..,..,-0.0086152228653884,..,..,..,..,-0.00860136835588856,..,..,..,..,-0.0102461895045517,..,..,..,..,-0.00375579973419441,..,..
Samoa,WSM,Net migration rate,(Net migration rate),..,..,-0.029384328358209,..,..,..,..,-0.0507016850876082,..,..,..,..,-0.101251900934173,..,..,..,..,-0.123864407664596,..,..,..,..,-0.118794957171543,..,..,..,..,-0.121305873947753,..,..,..,..,-0.0845851713094447,..,..,..,..,-0.0996175930446103,..,..,..,..,-0.0886642820296247,..,..,..,..,-0.0828636718192105,..,..,..,..,-0.0644620494161449,..,..,..,..,-0.0717320529096196,..,..
San Marino,SMR,Net migration rate,(Net migration rate),..,..,..,..,..,..,..,..,..,..,..,..,..,..,..,..,..,..,..,..,..,..,..,..,..,..,..,..,..,..,..,..,..,..,..,..,..,..,..,..,..,..,..,..,..,..,..,..,..,..,..,..,..,..,..,..,..,..,..,..
Sao Tome and Principe,STP,Net migration rate,(Net migration rate),..,..,-0.141937685137797,..,..,..,..,-0.0109336194101136,..,..,..,..,-0.0321939076654605,..,..,..,..,-0.0138576779026217,..,..,..,..,-0.0603078222231158,..,..,..,..,-0.0198632249170098,..,..,..,..,-0.0449444515797585,..,..,..,..,-0.0703148006360799,..,..,..,..,-0.0569696229831736,..,..,..,..,-0.0203908598917619,..,..,..,..,-0.0445850406573109,..,..,..,..,-0.0405670991699221,..,..
Saudi Arabia,SAU,Net migration rate,(Net migration rate),..,..,0.0288781067877269,..,..,..,..,0.0359965621682593,..,..,..,..,0.0756014810017879,..,..,..,..,0.0960950434695628,..,..,..,..,0.125902949106699,..,..,..,..,0.0496221324713819,..,..,..,..,-0.00636474956359516,..,..,..,..,-0.0180345977784879,..,..,..,..,0.0343033828498587,..,..,..,..,0.0426090995222199,..,..,..,..,0.0590908231869684,..,..,..,..,0.0203901025002246,..,..
Senegal,SEN,Net migration rate,(Net migration rate),..,..,0.0147637626719688,..,..,..,..,0.0221871534940113,..,..,..,..,0.0145008957762211,..,..,..,..,-0.0260122813525159,..,..,..,..,-0.0144013128160144,..,..,..,..,-0.00876863831952103,..,..,..,..,-0.00963743113975101,..,..,..,..,-0.0249212644086652,..,..,..,..,-0.0196900940021679,..,..,..,..,-0.018654274634896,..,..,..,..,-0.0159679259596578,..,..,..,..,-0.00648540949860439,..,..
Serbia,SRB,Net migration rate,(Net migration rate),..,..,..,..,..,..,..,..,..,..,..,..,..,..,..,..,..,..,..,..,..,..,..,..,..,..,..,..,..,..,..,..,0.0233243670505324,..,..,..,..,-0.0652803178726627,..,..,..,..,-0.0368612271130532,..,..,..,..,-0.016196534643875,..,..,..,..,0.00410594302575177,..,..,..,..,0.0028486546800975,..,..
Seychelles,SYC,Net migration rate,(Net migration rate),..,..,-0.0223423096135507,..,..,..,..,-0.0222395864639058,..,..,..,..,0.00299844723268307,..,..,..,..,-0.00483928398018969,..,..,..,..,-0.0494620651110801,..,..,..,..,-0.0758551219725835,..,..,..,..,0.00710823452934443,..,..,..,..,-0.00329802506499049,..,..,..,..,0.0314608888835804,..,..,..,..,-0.0320463819928734,..,..,..,..,-0.011324643556844,..,..,..,..,-0.0104337301628705,..,..
Sierra Leone,SLE,Net migration rate,(Net migration rate),..,..,0,..,..,..,..,0,..,..,..,..,0,..,..,..,..,0,..,..,..,..,0,..,..,..,..,0.0155380788798022,..,..,..,..,-0.103502430237062,..,..,..,..,-0.0345996737020105,..,..,..,..,0.100689400185188,..,..,..,..,0.0100173082390858,..,..,..,..,-0.00312845386893655,..,..,..,..,-0.00280432576597154,..,..
Singapore,SGP,Net migration rate,(Net migration rate),..,..,0.000244543480745058,..,..,..,..,-0.00018456715210356,..,..,..,..,0.0027322988292139,..,..,..,..,0.0061381327140584,..,..,..,..,0.0520739733667464,..,..,..,..,0.0431751747610359,..,..,..,..,0.0921921516650581,..,..,..,..,0.0847141150852547,..,..,..,..,0.0222157832349525,..,..,..,..,0.157202231007765,..,..,..,..,0.0596765665174006,..,..,..,..,0.0240798125102343,..,..
Sint Maarten (Dutch part),SXM,Net migration rate,(Net migration rate),..,..,..,..,..,..,..,..,..,..,..,..,..,..,..,..,..,..,..,..,..,..,..,..,..,..,..,..,..,..,..,..,..,..,..,..,..,..,..,..,..,..,..,..,..,..,..,..,..,..,..,..,..,..,..,..,..,..,..,..
Slovak Republic,SVK,Net migration rate,(Net migration rate),..,..,-0.00623544779042364,..,..,..,..,-0.01299915246371,..,..,..,..,-0.00331852390733891,..,..,..,..,-0.00200309843960367,..,..,..,..,-0.00687958831271158,..,..,..,..,-0.00676107251993168,..,..,..,..,-0.00284787076985253,..,..,..,..,-0.000550592565031316,..,..,..,..,0.000222990445073306,..,..,..,..,-0.00164755772592007,..,..,..,..,0.00209816629585994,..,..,..,..,0.00136471472443168,..,..
Slovenia,SVN,Net migration rate,(Net migration rate),..,..,-0.0137555038540229,..,..,..,..,-0.00884862517815627,..,..,..,..,0.0102395058191462,..,..,..,..,0.0188267656402571,..,..,..,..,0.0357858887503442,..,..,..,..,0.0163882768713664,..,..,..,..,-0.00874581392017422,..,..,..,..,0.000748757777110873,..,..,..,..,0.00751956601304568,..,..,..,..,0.0194973346507297,..,..,..,..,0.00805528401061853,..,..,..,..,0.00483887827455444,..,..
Solomon Islands,SLB,Net migration rate,(Net migration rate),..,..,0.0188659628918746,..,..,..,..,0.0100538822023576,..,..,..,..,0.00249779776531133,..,..,..,..,-0.0116215306171533,..,..,..,..,-0.0138772230946208,..,..,..,..,-0.0296440896573361,..,..,..,..,-0.0202487916483583,..,..,..,..,-0.0139079313366614,..,..,..,..,-0.0193945323265171,..,..,..,..,-0.0289678378971495,..,..,..,..,-0.01438323646199,..,..,..,..,-0.0125747203783422,..,..
Somalia,SOM,Net migration rate,(Net migration rate),..,..,-0.000462038718009559,..,..,..,..,0.000591726791995021,..,..,..,..,0,..,..,..,..,0.3740212959178,..,..,..,..,-0.0687846509496607,..,..,..,..,-0.0598616522542895,..,..,..,..,-0.112674535021049,..,..,..,..,0,..,..,..,..,0,..,..,..,..,-0.0180500736408926,..,..,..,..,-0.0183559290976139,..,..,..,..,-0.0137089840723076,..,..
South Africa,ZAF,Net migration rate,(Net migration rate),..,..,0.00593073755720963,..,..,..,..,0.00976921294717307,..,..,..,..,0.00956377052551751,..,..,..,..,0.00276863565844576,..,..,..,..,0.00600316121339225,..,..,..,..,-0.00344049038584977,..,..,..,..,0.0220533360991153,..,..,..,..,0.0148857826239144,..,..,..,..,0.0170956964600029,..,..,..,..,0.0175534452438987,..,..,..,..,0.0174072928978222,..,..,..,..,0.0127547411861706,..,..
South Sudan,SSD,Net migration rate,(Net migration rate),..,..,0,..,..,..,..,0,..,..,..,..,0.00682791470022723,..,..,..,..,0.0144768291111661,..,..,..,..,0.0312536853303952,..,..,..,..,-0.0767984628240589,..,..,..,..,-0.20678256368867,..,..,..,..,0.0554359063909285,..,..,..,..,0.0645911187809742,..,..,..,..,0.10181561607088,..,..,..,..,-0.0098876300507621,..,..,..,..,-0.079829276771671,..,..
Spain,ESP,Net migration rate,(Net migration rate),..,..,-0.00624712998583068,..,..,..,..,-0.00446520321438578,..,..,..,..,0.00280281717370089,..,..,..,..,0.00210625992731413,..,..,..,..,-0.00113968268108798,..,..,..,..,-0.00174952368261293,..,..,..,..,0.00815344420897201,..,..,..,..,0.0232434520382744,..,..,..,..,0.0701930880803469,..,..,..,..,0.0502765583497025,..,..,..,..,-0.0111269618800825,..,..,..,..,0.00429246854629286,..,..
Sri Lanka,LKA,Net migration rate,(Net migration rate),..,..,-0.00458840597713776,..,..,..,..,-0.00330255240121294,..,..,..,..,-0.0111519323106935,..,..,..,..,-0.0166392323674055,..,..,..,..,-0.0257201261811419,..,..,..,..,-0.00825765419174485,..,..,..,..,-0.0144208480200595,..,..,..,..,-0.0249952086795987,..,..,..,..,-0.0235793009535694,..,..,..,..,-0.0262102533388193,..,..,..,..,-0.023734247246022,..,..,..,..,-0.0228470434620407,..,..
St. Kitts and Nevis,KNA,Net migration rate,(Net migration rate),..,..,..,..,..,..,..,..,..,..,..,..,..,..,..,..,..,..,..,..,..,..,..,..,..,..,..,..,..,..,..,..,..,..,..,..,..,..,..,..,..,..,..,..,..,..,..,..,..,..,..,..,..,..,..,..,..,..,..,..
St. Lucia,LCA,Net migration rate,(Net migration rate),..,..,-0.0999771468370134,..,..,..,..,-0.078448145725356,..,..,..,..,-0.0912708117768789,..,..,..,..,-0.0796113058525979,..,..,..,..,-0.066196647601415,..,..,..,..,-0.0327459191783334,..,..,..,..,-0.0354895598194131,..,..,..,..,-0.0102111812766296,..,..,..,..,-0.00504416783778358,..,..,..,..,0.026008267765854,..,..,..,..,0,..,..,..,..,0,..,..
St. Martin (French part),MAF,Net migration rate,(Net migration rate),..,..,..,..,..,..,..,..,..,..,..,..,..,..,..,..,..,..,..,..,..,..,..,..,..,..,..,..,..,..,..,..,..,..,..,..,..,..,..,..,..,..,..,..,..,..,..,..,..,..,..,..,..,..,..,..,..,..,..,..
St. Vincent and the Grenadines,VCT,Net migration rate,(Net migration rate),..,..,-0.112401936638754,..,..,..,..,-0.110575663328662,..,..,..,..,-0.0913168960038049,..,..,..,..,-0.0741650546053776,..,..,..,..,-0.0718784227820372,..,..,..,..,-0.0678242970181104,..,..,..,..,-0.0807874015748031,..,..,..,..,-0.0738773807868761,..,..,..,..,-0.0490115359353174,..,..,..,..,-0.0524889880019905,..,..,..,..,-0.0270576843270162,..,..,..,..,-0.00910522913309113,..,..
Sudan,SDN,Net migration rate,(Net migration rate),..,..,0,..,..,..,..,0,..,..,..,..,0.00182256846750622,..,..,..,..,0.0138093731119998,..,..,..,..,0.0141367583154614,..,..,..,..,0.0081951830353155,..,..,..,..,0.0297659816141448,..,..,..,..,-0.0237145261787075,..,..,..,..,-0.0190213977617245,..,..,..,..,-0.030366753468668,..,..,..,..,-0.0148684374882836,..,..,..,..,-0.00612546429608553,..,..
Suriname,SUR,Net migration rate,(Net migration rate),..,..,-0.0363612431925501,..,..,..,..,-0.0398722890180061,..,..,..,..,-0.154441203891201,..,..,..,..,-0.112822548852399,..,..,..,..,-0.0880278177989582,..,..,..,..,-0.0127153006138511,..,..,..,..,-0.0123497878308828,..,..,..,..,-0.0224347753329766,..,..,..,..,-0.0189202359845304,..,..,..,..,-0.0126863087634321,..,..,..,..,-0.0092379606278118,..,..,..,..,-0.00876255048238726,..,..
Sweden,SWE,Net migration rate,(Net migration rate),..,..,0.0106262070877176,..,..,..,..,0.0166473244363734,..,..,..,..,0.002314369082649,..,..,..,..,0.0107333903731909,..,..,..,..,0.00357934638221039,..,..,..,..,0.0160243082596355,..,..,..,..,0.018050160433693,..,..,..,..,0.0066097208000577,..,..,..,..,0.0158794024576922,..,..,..,..,0.0286893704173504,..,..,..,..,0.0266780147518104,..,..,..,..,0.0198852659922778,..,..
Switzerland,CHE,Net migration rate,(Net migration rate),..,..,0.0497239323515402,..,..,..,..,0.0155175794859128,..,..,..,..,0.00402254863314804,..,..,..,..,-0.0215509075214283,..,..,..,..,0.0126797186617014,..,..,..,..,0.0199931062995771,..,..,..,..,0.0359844220611447,..,..,..,..,0.00920000914104377,..,..,..,..,0.0255499397165559,..,..,..,..,0.0456716536109823,..,..,..,..,0.0496778673532027,..,..,..,..,0.0307624138649099,..,..
Syrian Arab Republic,SYR,Net migration rate,(Net migration rate),..,..,-0.00328176719881889,..,..,..,..,-0.00278711169872716,..,..,..,..,-0.0119851926599757,..,..,..,..,-0.0200569457868715,..,..,..,..,-0.00907183948826237,..,..,..,..,-0.012895247645159,..,..,..,..,-0.00530799126425963,..,..,..,..,-0.00856654319422409,..,..,..,..,-0.0222369437047283,..,..,..,..,0.0186133047701272,..,..,..,..,-0.263518414858505,..,..,..,..,-0.125202352331573,..,..
Tajikistan,TJK,Net migration rate,(Net migration rate),..,..,0.0238476348200417,..,..,..,..,0.0247083954830739,..,..,..,..,0.00901011223026392,..,..,..,..,0.00635714614326163,..,..,..,..,0.00299906166106521,..,..,..,..,-0.00650453901546696,..,..,..,..,-0.0422174017818102,..,..,..,..,-0.0399526472175609,..,..,..,..,-0.0225520459657871,..,..,..,..,-0.0206420459565445,..,..,..,..,-0.0173938882528967,..,..,..,..,-0.0112608087954102,..,..
Tanzania,TZA,Net migration rate,(Net migration rate),..,..,0.00235074064289752,..,..,..,..,0.00292010431651151,..,..,..,..,0.00833096530855247,..,..,..,..,-0.00148119982391231,..,..,..,..,0.00177769241915738,..,..,..,..,0.00296532179424671,..,..,..,..,0.0216642829322452,..,..,..,..,-0.0128460820373075,..,..,..,..,-0.00850501777455124,..,..,..,..,-0.0123115927091423,..,..,..,..,-0.00532246110465461,..,..,..,..,-0.00366569121496733,..,..
Thailand,THA,Net migration rate,(Net migration rate),..,..,0,..,..,..,..,0,..,..,..,..,0.0101276535671283,..,..,..,..,0.00646819395907355,..,..,..,..,0.006901163109394,..,..,..,..,0.00935018560545892,..,..,..,..,-0.0105090342549044,..,..,..,..,0.0117645392143802,..,..,..,..,0.00583348409506756,..,..,..,..,0.000891601043527395,..,..,..,..,0.00246645005686291,..,..,..,..,0.00140474208168438,..,..
Timor-Leste,TLS,Net migration rate,(Net migration rate),..,..,0,..,..,..,..,0,..,..,..,..,0,..,..,..,..,-0.0829278366482956,..,..,..,..,0,..,..,..,..,0,..,..,..,..,0,..,..,..,..,-0.0946481239543038,..,..,..,..,-0.0302050300533004,..,..,..,..,-0.0367370647399826,..,..,..,..,-0.0247397603164712,..,..,..,..,-0.0216559515660831,..,..
Togo,TGO,Net migration rate,(Net migration rate),..,..,-0.048293138139395,..,..,..,..,0.074873264699193,..,..,..,..,-0.0222456844733585,..,..,..,..,-0.0397068522511998,..,..,..,..,0.0171493541682387,..,..,..,..,-0.00576080171925366,..,..,..,..,-0.029524025540402,..,..,..,..,0.0178334538206057,..,..,..,..,-0.00634977932592667,..,..,..,..,-0.0017900941480069,..,..,..,..,-0.00147538895040854,..,..,..,..,-0.00129882866411854,..,..
Tonga,TON,Net migration rate,(Net migration rate),..,..,0.00640144938476636,..,..,..,..,-0.0364549722253856,..,..,..,..,-0.0867092200224737,..,..,..,..,-0.0865707354358446,..,..,..,..,-0.132153650644483,..,..,..,..,-0.114354173513852,..,..,..,..,-0.115095546074906,..,..,..,..,-0.0873016694438982,..,..,..,..,-0.0791238310678435,..,..,..,..,-0.0756572854622201,..,..,..,..,-0.126458822040745,..,..,..,..,-0.0392066511108061,..,..
Trinidad and Tobago,TTO,Net migration rate,(Net migration rate),..,..,-0.0645830703822087,..,..,..,..,-0.0662631655741514,..,..,..,..,-0.0298470462827537,..,..,..,..,-0.0288074040715465,..,..,..,..,-0.0300610703380297,..,..,..,..,-0.0379953471668197,..,..,..,..,-0.0265330727437832,..,..,..,..,-0.0271953442002527,..,..,..,..,-0.0136938787813779,..,..,..,..,-0.0142191033519788,..,..,..,..,-0.00297363879248998,..,..,..,..,-0.00288930055661844,..,..
Tunisia,TUN,Net migration rate,(Net migration rate),..,..,-0.0330961860010531,..,..,..,..,-0.0203613070405279,..,..,..,..,-0.018344131484324,..,..,..,..,-0.0121737206216591,..,..,..,..,0.0126966295968759,..,..,..,..,0.0063628982995911,..,..,..,..,0.016292461649892,..,..,..,..,-0.00423666619372626,..,..,..,..,-0.014491071091192,..,..,..,..,-0.00394391854766444,..,..,..,..,-0.0138287058488604,..,..,..,..,-0.00174925435846403,..,..
Turkey,TUR,Net migration rate,(Net migration rate),..,..,-0.00520236881385235,..,..,..,..,-0.0055422453457098,..,..,..,..,-0.00655966020522826,..,..,..,..,-0.00632470861052697,..,..,..,..,-0.00152092069313623,..,..,..,..,-0.00195693134629033,..,..,..,..,-0.00215250698542329,..,..,..,..,-0.00165636485762872,..,..,..,..,-0.000613980730202963,..,..,..,..,-0.000718578213099485,..,..,..,..,0.023616969473812,..,..,..,..,0.017504030608805,..,..
Turkmenistan,TKM,Net migration rate,(Net migration rate),..,..,0.0156131952281906,..,..,..,..,0.0139912037396037,..,..,..,..,0.0109061258210468,..,..,..,..,-0.00190296885661974,..,..,..,..,-0.0118563158274778,..,..,..,..,-0.011651969391789,..,..,..,..,0.0111883991227339,..,..,..,..,-0.0148501210989558,..,..,..,..,-0.0273064779756204,..,..,..,..,-0.0128778612364611,..,..,..,..,-0.00949182786309535,..,..,..,..,-0.0043422086264424,..,..
Turks and Caicos Islands,TCA,Net migration rate,(Net migration rate),..,..,..,..,..,..,..,..,..,..,..,..,..,..,..,..,..,..,..,..,..,..,..,..,..,..,..,..,..,..,..,..,..,..,..,..,..,..,..,..,..,..,..,..,..,..,..,..,..,..,..,..,..,..,..,..,..,..,..,..
Tuvalu,TUV,Net migration rate,(Net migration rate),..,..,..,..,..,..,..,..,..,..,..,..,..,..,..,..,..,..,..,..,..,..,..,..,..,..,..,..,..,..,..,..,..,..,..,..,..,..,..,..,..,..,..,..,..,..,..,..,..,..,..,..,..,..,..,..,..,..,..,..
Uganda,UGA,Net migration rate,(Net migration rate),..,..,0.0173229675561781,..,..,..,..,0.00584811804487791,..,..,..,..,-0.0278068601910483,..,..,..,..,-0.0158329752568805,..,..,..,..,-0.00907586459558171,..,..,..,..,0.0128101678922245,..,..,..,..,0.00592608188248538,..,..,..,..,-0.00831210767864899,..,..,..,..,-0.00993362129214161,..,..,..,..,-0.016957005647836,..,..,..,..,-0.0086805909216333,..,..,..,..,0.0204912169375668,..,..
Ukraine,UKR,Net migration rate,(Net migration rate),..,..,0.0104170461711323,..,..,..,..,0.00583474089136784,..,..,..,..,0.00431540460881437,..,..,..,..,0.00211785523631759,..,..,..,..,0.00375301683073992,..,..,..,..,0,..,..,..,..,0.00142704928868436,..,..,..,..,-0.00913671661945596,..,..,..,..,-0.00343229085628339,..,..,..,..,0.00579541533046581,..,..,..,..,0.00289853991704922,..,..,..,..,0.00111531862844873,..,..
United Arab Emirates,ARE,Net migration rate,(Net migration rate),..,..,0.337876166182058,..,..,..,..,0.317032944378015,..,..,..,..,0.787034631119061,..,..,..,..,0.50647044104528,..,..,..,..,0.158102722685151,..,..,..,..,0.167350489326628,..,..,..,..,0.179320772510572,..,..,..,..,0.186569248196238,..,..,..,..,0.341963856838193,..,..,..,..,0.582352138279527,..,..,..,..,0.0295353240287582,..,..,..,..,0.021081028834315,..,..
United Kingdom,GBR,Net migration rate,(Net migration rate),..,..,0.00268672300469484,..,..,..,..,-0.0015443654947983,..,..,..,..,0.00189735186449611,..,..,..,..,0.00069614823011889,..,..,..,..,-0.00173128567552576,..,..,..,..,0.00173863443308824,..,..,..,..,0.00356793271432874,..,..,..,..,0.00880294605236069,..,..,..,..,0.0167123967451905,..,..,..,..,0.0357031321458827,..,..,..,..,0.0204116935085078,..,..,..,..,0.0197286180798248,..,..
United States,USA,Net migration rate,(Net migration rate),..,..,0.00984104043144024,..,..,..,..,0.00783069970610733,..,..,..,..,0.0137656077295422,..,..,..,..,0.0171217677159813,..,..,..,..,0.0146007148283721,..,..,..,..,0.0138960208676415,..,..,..,..,0.0174015999126753,..,..,..,..,0.0324948708450544,..,..,..,..,0.0185480727343658,..,..,..,..,0.0180218910718636,..,..,..,..,0.0158079756649525,..,..,..,..,0.0146826734473838,..,..
Uruguay,URY,Net migration rate,(Net migration rate),..,..,-0.00230425188238177,..,..,..,..,-0.0123632497310993,..,..,..,..,-0.0482019776279027,..,..,..,..,-0.0210013587879136,..,..,..,..,-0.0101562298991283,..,..,..,..,-0.00983741700909076,..,..,..,..,-0.00634022134980776,..,..,..,..,-0.00795067158711306,..,..,..,..,-0.0312684152926603,..,..,..,..,-0.0150071328902627,..,..,..,..,-0.00887843469644928,..,..,..,..,-0.00436472071898008,..,..
Uzbekistan,UZB,Net migration rate,(Net migration rate),..,..,0.0177346652592493,..,..,..,..,0.0409727380729471,..,..,..,..,0.00552216226015826,..,..,..,..,0.00492212614488993,..,..,..,..,-0.0110566244627682,..,..,..,..,-0.0187617609794304,..,..,..,..,-0.0150485803533964,..,..,..,..,-0.0102520809566062,..,..,..,..,-0.00958762417472405,..,..,..,..,-0.00521549799017419,..,..,..,..,-0.00223241364254647,..,..,..,..,-0.00136819745218997,..,..
Vanuatu,VUT,Net migration rate,(Net migration rate),..,..,-0.00961737026875535,..,..,..,..,-0.015452426145556,..,..,..,..,0.00854540849475272,..,..,..,..,-0.00409604519774011,..,..,..,..,-0.0329749989703036,..,..,..,..,-0.026572799623748,..,..,..,..,-0.00610942836888574,..,..,..,..,-0.0422190588894415,..,..,..,..,-0.0132735148514851,..,..,..,..,-0.0149221768608296,..,..,..,..,0.00715433729193303,..,..,..,..,0.00210150257434065,..,..
"Venezuela, RB",VEN,Net migration rate,(Net migration rate),..,..,0.00215835311823692,..,..,..,..,0.000305026812918658,..,..,..,..,7.77007585081917E-05,..,..,..,..,8.02040677927748E-05,..,..,..,..,8.61553744752716E-05,..,..,..,..,5.04587080486576E-05,..,..,..,..,-0.000110421004156937,..,..,..,..,-0.000198793724931575,..,..,..,..,-0.00090596136923352,..,..,..,..,-0.00734816741725238,..,..,..,..,-0.0146799744122161,..,..,..,..,-0.111132954971807,..,..
Vietnam,VNM,Net migration rate,(Net migration rate),..,..,0,..,..,..,..,0,..,..,..,..,0,..,..,..,..,-0.0168870502801332,..,..,..,..,-0.00576551969146644,..,..,..,..,-0.00521690286134313,..,..,..,..,-0.005561747172095,..,..,..,..,-0.00280036301871202,..,..,..,..,-0.00798434702542204,..,..,..,..,-0.00936517010482993,..,..,..,..,-0.00445420848979383,..,..,..,..,-0.00422846933615255,..,..
Virgin Islands (U.S.),VIR,Net migration rate,(Net migration rate),..,..,0.293428571428571,..,..,..,..,0.0660896130346232,..,..,..,..,0.12325895255441,..,..,..,..,0.0210400952759031,..,..,..,..,-0.0348962705360355,..,..,..,..,-0.110563819981963,..,..,..,..,-0.0436847283184501,..,..,..,..,-0.0363243722140702,..,..,..,..,-0.0485853838355912,..,..,..,..,-0.0578462049677402,..,..,..,..,-0.0416023513970663,..,..,..,..,-0.021012790394153,..,..
West Bank and Gaza,PSE,Net migration rate,(Net migration rate),..,..,..,..,..,..,..,..,..,..,..,..,..,..,..,..,..,..,..,..,..,..,..,..,..,..,..,..,..,..,..,..,0.0161791207303044,..,..,..,..,0.0258627505895028,..,..,..,..,-0.0617814489494445,..,..,..,..,-0.0296666529307803,..,..,..,..,-0.0394635876701446,..,..,..,..,-0.0118559622699535,..,..
"Yemen, Rep.",YEM,Net migration rate,(Net migration rate),..,..,-0.018269274861423,..,..,..,..,-0.0415821325911825,..,..,..,..,-0.0564883530024064,..,..,..,..,-0.0104476104573616,..,..,..,..,-0.00585370079744966,..,..,..,..,-0.00484400229683213,..,..,..,..,0.0469178421904015,..,..,..,..,-0.0062595191637683,..,..,..,..,-0.00608067007845664,..,..,..,..,-0.0030902362808155,..,..,..,..,-0.00306498812700173,..,..,..,..,-0.00538893352322977,..,..
Zambia,ZMB,Net migration rate,(Net migration rate),..,..,-0.0108346495330686,..,..,..,..,-0.00580377490242565,..,..,..,..,-0.00447810586869208,..,..,..,..,-0.00472808946604362,..,..,..,..,0.00159594909816108,..,..,..,..,-0.0101724749916484,..,..,..,..,-0.0177486500080993,..,..,..,..,0.00208385234280746,..,..,..,..,-0.0136715392640228,..,..,..,..,-0.0139966878237934,..,..,..,..,-0.00345659051175583,..,..,..,..,-0.00237336777564649,..,..
Zimbabwe,ZWE,Net migration rate,(Net migration rate),..,..,-0.00371583389883296,..,..,..,..,-0.00878713811190238,..,..,..,..,-0.00802744350413674,..,..,..,..,-0.0226853753269673,..,..,..,..,0.0124484795069664,..,..,..,..,0.00885401518158058,..,..,..,..,-0.0273598408587054,..,..,..,..,-0.0450236080225572,..,..,..,..,-0.058373772093533,..,..,..,..,-0.0418308797983538,..,..,..,..,-0.0475021560974115,..,..,..,..,-0.0410408418497346,..,..
,,,,,,,,,,,,,,,,,,,,,,,,,,,,,,,,,,,,,,,,,,,,,,,,,,,,,,,,,,,,,,,
,,,,,,,,,,,,,,,,,,,,,,,,,,,,,,,,,,,,,,,,,,,,,,,,,,,,,,,,,,,,,,,
,,,,,,,,,,,,,,,,,,,,,,,,,,,,,,,,,,,,,,,,,,,,,,,,,,,,,,,,,,,,,,,
Data from database: World Development Indicators,,,,,,,,,,,,,,,,,,,,,,,,,,,,,,,,,,,,,,,,,,,,,,,,,,,,,,,,,,,,,,,
Last Updated: 10/28/2019,,,,,,,,,,,,,,,,,,,,,,,,,,,,,,,,,,,,,,,,,,,,,,,,,,,,,,,,,,,,,,,
